2023-07-25 15:02:29,114 [INFO] Activator:176 - 


2023-07-25 15:02:29,122 [INFO] Activator:177 - !SESSION log4j initialized
2023-07-25 15:02:35,243 [INFO] LogOutputStream:77 - [STDOUT_REDIRECT] 
2023-07-25 15:03:00,666 [ERROR] LogOutputStream:75 - [STDERR_REDIRECT] SLF4J: Failed to load class "org.slf4j.impl.StaticLoggerBinder".
2023-07-25 15:03:00,667 [ERROR] LogOutputStream:75 - [STDERR_REDIRECT] SLF4J: Defaulting to no-operation (NOP) logger implementation
2023-07-25 15:03:00,671 [ERROR] LogOutputStream:75 - [STDERR_REDIRECT] SLF4J: See http://www.slf4j.org/codes.html#StaticLoggerBinder for further details.
2023-07-25 15:03:16,383 [INFO] ApplicationProperties:184 - Using Application install path: C:\ST\STM32CubeIDE_1.12.1\STM32CubeIDE\plugins\com.st.stm32cube.common.mx_6.8.1.202304191431
2023-07-25 15:03:16,407 [INFO] DbMcusXml:78 - Set database path to: C:\ST\STM32CubeIDE_1.12.1\STM32CubeIDE\plugins\com.st.stm32cube.common.mx_6.8.1.202304191431\\db\/mcu/
2023-07-25 15:03:16,407 [INFO] ApiDb:274 - Set plugin database path to: C:\ST\STM32CubeIDE_1.12.1\STM32CubeIDE\plugins\com.st.stm32cube.common.mx_6.8.1.202304191431\\db\/plugins/boardmanager/
2023-07-25 15:03:16,409 [WARN] ApiDb:259 - Overriding images path with different value:  => C:\ST\STM32CubeIDE_1.12.1\STM32CubeIDE\plugins\com.st.stm32cube.common.mx_6.8.1.202304191431\\db\/plugins/mcufinder/images/
2023-07-25 15:03:25,258 [WARN] ApiFinderProperties:113 - C:\Users\Ayrton Araújo\.stmcufinder\plugins\mcufinder\mcu\mcuFinder.mfd doesn't exist
2023-07-25 15:03:25,261 [INFO] ApiDb:250 - Set database path to: C:\Users\Ayrton Araújo\.stmcufinder\plugins\mcufinder//mcu/
2023-07-25 15:03:25,263 [INFO] DbMcusAds:125 - Set database path to: C:\Users\Ayrton Araújo\.stmcufinder\plugins\mcufinder//mcu/
2023-07-25 15:03:25,273 [INFO] CrossReferenceDbSqlite:203 - Set database path to: C:\Users\Ayrton Araújo\.stmcufinder\plugins\mcufinder//mcu/cs/
2023-07-25 15:03:25,422 [INFO] RulesReader:64 - Compatibility file has been processed (293 Rules)
2023-07-25 15:03:25,536 [INFO] DbMcusXml:78 - Set database path to: C:\ST\STM32CubeIDE_1.12.1\STM32CubeIDE\plugins\com.st.stm32cube.common.mx_6.8.1.202304191431\\db\/mcu/
2023-07-25 15:03:25,537 [INFO] ApiDb:274 - Set plugin database path to: C:\ST\STM32CubeIDE_1.12.1\STM32CubeIDE\plugins\com.st.stm32cube.common.mx_6.8.1.202304191431\\db\/plugins/boardmanager/
2023-07-25 15:03:25,537 [INFO] ApiDb:261 - Set plugin images path to: C:\ST\STM32CubeIDE_1.12.1\STM32CubeIDE\plugins\com.st.stm32cube.common.mx_6.8.1.202304191431\\db\/plugins/mcufinder/images/
2023-07-25 15:03:25,537 [WARN] DbFile:41 - Overriding database path with different value: C:\Users\Ayrton Araújo\.stmcufinder\plugins\mcufinder/ => C:\Users\Ayrton Araújo\.stmcufinder\plugins\mcufinder
2023-07-25 15:03:25,537 [INFO] ApiDb:250 - Set database path to: C:\Users\Ayrton Araújo\.stmcufinder\plugins\mcufinder//mcu/
2023-07-25 15:03:25,539 [WARN] DbFile:41 - Overriding database path with different value: C:\Users\Ayrton Araújo\.stmcufinder\plugins\mcufinder/ => C:\Users\Ayrton Araújo\.stmcufinder\plugins\mcufinder
2023-07-25 15:03:25,539 [INFO] DbMcusAds:125 - Set database path to: C:\Users\Ayrton Araújo\.stmcufinder\plugins\mcufinder//mcu/
2023-07-25 15:03:25,539 [WARN] DbFile:41 - Overriding database path with different value: C:\Users\Ayrton Araújo\.stmcufinder\plugins\mcufinder/ => C:\Users\Ayrton Araújo\.stmcufinder\plugins\mcufinder
2023-07-25 15:03:25,539 [WARN] DbFile:41 - Overriding database path with different value: C:\Users\Ayrton Araújo\.stmcufinder\plugins\mcufinder/ => C:\Users\Ayrton Araújo\.stmcufinder\plugins\mcufinder
2023-07-25 15:03:25,539 [INFO] CrossReferenceDbSqlite:203 - Set database path to: C:\Users\Ayrton Araújo\.stmcufinder\plugins\mcufinder//mcu/cs/
2023-07-25 15:03:25,647 [INFO] MainPanel:253 - HeapMemory: 268435456
2023-07-25 15:03:25,784 [INFO] DbMcusXml:78 - Set database path to: C:\ST\STM32CubeIDE_1.12.1\STM32CubeIDE\plugins\com.st.stm32cube.common.mx_6.8.1.202304191431\\db\/mcu/
2023-07-25 15:03:25,785 [INFO] ApiDb:274 - Set plugin database path to: C:\ST\STM32CubeIDE_1.12.1\STM32CubeIDE\plugins\com.st.stm32cube.common.mx_6.8.1.202304191431\\db\/plugins/boardmanager/
2023-07-25 15:03:25,785 [INFO] ApiDb:261 - Set plugin images path to: C:\ST\STM32CubeIDE_1.12.1\STM32CubeIDE\plugins\com.st.stm32cube.common.mx_6.8.1.202304191431\\db\/plugins/mcufinder/images/
2023-07-25 15:03:25,786 [WARN] DbFile:41 - Overriding database path with different value: C:\Users\Ayrton Araújo\.stmcufinder\plugins\mcufinder/ => C:\Users\Ayrton Araújo\.stmcufinder\plugins\mcufinder
2023-07-25 15:03:25,786 [INFO] ApiDb:250 - Set database path to: C:\Users\Ayrton Araújo\.stmcufinder\plugins\mcufinder//mcu/
2023-07-25 15:03:25,787 [WARN] DbFile:41 - Overriding database path with different value: C:\Users\Ayrton Araújo\.stmcufinder\plugins\mcufinder/ => C:\Users\Ayrton Araújo\.stmcufinder\plugins\mcufinder
2023-07-25 15:03:25,787 [INFO] DbMcusAds:125 - Set database path to: C:\Users\Ayrton Araújo\.stmcufinder\plugins\mcufinder//mcu/
2023-07-25 15:03:25,787 [WARN] DbFile:41 - Overriding database path with different value: C:\Users\Ayrton Araújo\.stmcufinder\plugins\mcufinder/ => C:\Users\Ayrton Araújo\.stmcufinder\plugins\mcufinder
2023-07-25 15:03:25,788 [WARN] DbFile:41 - Overriding database path with different value: C:\Users\Ayrton Araújo\.stmcufinder\plugins\mcufinder/ => C:\Users\Ayrton Araújo\.stmcufinder\plugins\mcufinder
2023-07-25 15:03:25,788 [INFO] CrossReferenceDbSqlite:203 - Set database path to: C:\Users\Ayrton Araújo\.stmcufinder\plugins\mcufinder//mcu/cs/
2023-07-25 15:03:25,816 [INFO] ApplicationProperties:184 - Using Application install path: C:\ST\STM32CubeIDE_1.12.1\STM32CubeIDE\plugins\com.st.stm32cube.common.mx_6.8.1.202304191431
2023-07-25 15:03:25,818 [INFO] PluginManage:196 - Search for loadable plugins [exclusion list=, ]
2023-07-25 15:03:25,820 [INFO] PluginManage:310 - Check plugin analytics
2023-07-25 15:03:26,086 [INFO] AnalyticsPlugin:253 - Accepted Software Licenses: 
2023-07-25 15:03:26,087 [INFO] AnalyticsPlugin:255 - Accepted CMSIS Pack Licenses: 
2023-07-25 15:03:26,087 [INFO] AnalyticsPlugin:257 - Accepted Firmware Licenses: 
2023-07-25 15:03:26,098 [INFO] PluginManage:359 - Loaded plugin analytics (category:tool,tabindex:-1)
2023-07-25 15:03:26,098 [INFO] PluginManage:310 - Check plugin cadmodel
2023-07-25 15:03:26,106 [INFO] CADModel:105 - Init CAD model plugin
2023-07-25 15:03:26,107 [INFO] PluginManage:359 - Loaded plugin cadmodel (category:power,tabindex:5)
2023-07-25 15:03:26,107 [INFO] PluginManage:310 - Check plugin clock
2023-07-25 15:03:26,123 [INFO] PluginManage:359 - Loaded plugin clock (category:base,tabindex:2)
2023-07-25 15:03:26,123 [INFO] PluginManage:310 - Check plugin ddr
2023-07-25 15:03:26,127 [INFO] PluginManage:359 - Loaded plugin ddr (category:tool,tabindex:6)
2023-07-25 15:03:26,127 [INFO] PluginManage:310 - Check plugin filemanager
2023-07-25 15:03:26,302 [INFO] PluginManage:359 - Loaded plugin filemanager (category:base,tabindex:10)
2023-07-25 15:03:26,302 [INFO] PluginManage:310 - Check plugin ipmanager
2023-07-25 15:03:26,314 [INFO] PluginManage:359 - Loaded plugin ipmanager (category:base,tabindex:5)
2023-07-25 15:03:26,314 [INFO] PluginManage:310 - Check plugin lpbam
2023-07-25 15:03:26,326 [INFO] PluginManage:359 - Loaded plugin lpbam (category:base,tabindex:0)
2023-07-25 15:03:26,326 [INFO] PluginManage:310 - Check plugin pinoutandconfiguration
2023-07-25 15:03:26,339 [INFO] PluginManage:359 - Loaded plugin pinoutandconfiguration (category:base,tabindex:1)
2023-07-25 15:03:26,340 [INFO] PluginManage:310 - Check plugin pinoutconfig
2023-07-25 15:03:26,442 [WARN] SupportedApi:132 - Cannot load RTOS API schema: s4s-elt-must-match.1: The content of 'definitions' must match (annotation?, (simpleType | complexType)?, (unique | key | keyref)*)). A problem was found starting at: attribute.
2023-07-25 15:03:26,637 [INFO] PluginManage:359 - Loaded plugin pinoutconfig (category:base,tabindex:0)
2023-07-25 15:03:26,637 [INFO] PluginManage:310 - Check plugin power
2023-07-25 15:03:26,656 [INFO] PluginManage:359 - Loaded plugin power (category:power,tabindex:4)
2023-07-25 15:03:26,657 [INFO] PluginManage:310 - Check plugin projectmanager
2023-07-25 15:03:26,678 [INFO] PluginManage:359 - Loaded plugin projectmanager (category:projectmanager,tabindex:3)
2023-07-25 15:03:26,678 [INFO] PluginManage:310 - Check plugin thirdparty
2023-07-25 15:03:26,832 [INFO] PluginManage:359 - Loaded plugin thirdparty (category:base,tabindex:-1)
2023-07-25 15:03:26,832 [WARN] IntegrityCheckThread:84 - waiting for thirdparty lock release [integrity check]
2023-07-25 15:03:26,832 [INFO] PluginManage:310 - Check plugin tools
2023-07-25 15:03:26,833 [INFO] IntegrityCheckThread:86 - entering critical section [integrity check]
2023-07-25 15:03:26,834 [INFO] ThirdPartyUpdaterWithRetryManager:70 - Updater plugin not ready yet. [1/15]
2023-07-25 15:03:26,836 [INFO] PluginManage:359 - Loaded plugin tools (category:base,tabindex:7)
2023-07-25 15:03:26,836 [INFO] PluginManage:310 - Check plugin tutovideos
2023-07-25 15:03:27,139 [INFO] PluginManage:359 - Loaded plugin tutovideos (category:base,tabindex:-1)
2023-07-25 15:03:27,139 [INFO] PluginManage:310 - Check plugin updater
2023-07-25 15:03:27,162 [INFO] PluginManage:359 - Loaded plugin updater (category:base,tabindex:12)
2023-07-25 15:03:27,163 [INFO] PluginManage:283 - PluginManage : Loaded plugins [15]
2023-07-25 15:03:27,502 [INFO] PinOutPanel:1499 - setPackage(No Configuration,No Configuration)
2023-07-25 15:03:27,594 [INFO] CADModel:165 - CPN selected for project level
2023-07-25 15:03:27,594 [INFO] CADModel:114 - Register for checkConnection events
2023-07-25 15:03:27,620 [INFO] IPUIPlugin:80 - create IPUIPlugin
2023-07-25 15:03:27,620 [INFO] PluginManager:220 - loadIPPluginJar : add adc
2023-07-25 15:03:27,624 [INFO] IPUIPlugin:80 - create IPUIPlugin
2023-07-25 15:03:27,625 [INFO] PluginManager:220 - loadIPPluginJar : add aes
2023-07-25 15:03:27,628 [INFO] IPUIPlugin:80 - create IPUIPlugin
2023-07-25 15:03:27,628 [INFO] PluginManager:220 - loadIPPluginJar : add can
2023-07-25 15:03:27,630 [INFO] IPUIPlugin:80 - create IPUIPlugin
2023-07-25 15:03:27,630 [INFO] PluginManager:220 - loadIPPluginJar : add comp
2023-07-25 15:03:27,633 [INFO] IPUIPlugin:80 - create IPUIPlugin
2023-07-25 15:03:27,633 [INFO] PluginManager:220 - loadIPPluginJar : add cryp
2023-07-25 15:03:27,636 [INFO] IPUIPlugin:80 - create IPUIPlugin
2023-07-25 15:03:27,637 [INFO] PluginManager:220 - loadIPPluginJar : add dfsdm
2023-07-25 15:03:27,643 [INFO] IPUIPlugin:80 - create IPUIPlugin
2023-07-25 15:03:27,644 [INFO] PluginManager:220 - loadIPPluginJar : add dma
2023-07-25 15:03:27,648 [INFO] IPUIPlugin:80 - create IPUIPlugin
2023-07-25 15:03:27,648 [INFO] PluginManager:220 - loadIPPluginJar : add dma3
2023-07-25 15:03:27,650 [INFO] IPUIPlugin:80 - create IPUIPlugin
2023-07-25 15:03:27,650 [INFO] PluginManager:220 - loadIPPluginJar : add fatfs
2023-07-25 15:03:27,655 [INFO] IPUIPlugin:80 - create IPUIPlugin
2023-07-25 15:03:27,656 [INFO] PluginManager:220 - loadIPPluginJar : add fmc
2023-07-25 15:03:27,663 [INFO] IPUIPlugin:80 - create IPUIPlugin
2023-07-25 15:03:27,663 [INFO] PluginManager:220 - loadIPPluginJar : add freertos
2023-07-25 15:03:27,665 [INFO] IPUIPlugin:80 - create IPUIPlugin
2023-07-25 15:03:27,665 [INFO] PluginManager:220 - loadIPPluginJar : add genericplugin
2023-07-25 15:03:27,669 [INFO] IPUIPlugin:80 - create IPUIPlugin
2023-07-25 15:03:27,669 [INFO] PluginManager:220 - loadIPPluginJar : add gfxmmu
2023-07-25 15:03:27,674 [INFO] IPUIPlugin:80 - create IPUIPlugin
2023-07-25 15:03:27,675 [INFO] PluginManager:220 - loadIPPluginJar : add gic
2023-07-25 15:03:27,679 [INFO] IPUIPlugin:80 - create IPUIPlugin
2023-07-25 15:03:27,679 [INFO] PluginManager:220 - loadIPPluginJar : add gpio
2023-07-25 15:03:27,684 [INFO] IPUIPlugin:80 - create IPUIPlugin
2023-07-25 15:03:27,684 [INFO] PluginManager:220 - loadIPPluginJar : add gtzc
2023-07-25 15:03:27,688 [INFO] IPUIPlugin:80 - create IPUIPlugin
2023-07-25 15:03:27,688 [INFO] PluginManager:220 - loadIPPluginJar : add hash
2023-07-25 15:03:27,692 [INFO] IPUIPlugin:80 - create IPUIPlugin
2023-07-25 15:03:27,692 [INFO] PluginManager:220 - loadIPPluginJar : add i2c
2023-07-25 15:03:27,695 [INFO] IPUIPlugin:80 - create IPUIPlugin
2023-07-25 15:03:27,695 [INFO] PluginManager:220 - loadIPPluginJar : add i2s
2023-07-25 15:03:27,698 [INFO] IPUIPlugin:80 - create IPUIPlugin
2023-07-25 15:03:27,699 [INFO] PluginManager:220 - loadIPPluginJar : add i3c
2023-07-25 15:03:27,704 [INFO] IPUIPlugin:80 - create IPUIPlugin
2023-07-25 15:03:27,705 [INFO] PluginManager:220 - loadIPPluginJar : add ipddr
2023-07-25 15:03:27,716 [INFO] IPUIPlugin:80 - create IPUIPlugin
2023-07-25 15:03:27,716 [INFO] PluginManager:220 - loadIPPluginJar : add linkedlist
2023-07-25 15:03:27,720 [INFO] IPUIPlugin:80 - create IPUIPlugin
2023-07-25 15:03:27,720 [INFO] PluginManager:220 - loadIPPluginJar : add lorawan
2023-07-25 15:03:27,723 [INFO] IPUIPlugin:80 - create IPUIPlugin
2023-07-25 15:03:27,723 [INFO] PluginManager:220 - loadIPPluginJar : add ltdc
2023-07-25 15:03:27,731 [INFO] IPUIPlugin:80 - create IPUIPlugin
2023-07-25 15:03:27,732 [INFO] PluginManager:220 - loadIPPluginJar : add mdma
2023-07-25 15:03:27,737 [INFO] IPUIPlugin:80 - create IPUIPlugin
2023-07-25 15:03:27,737 [INFO] PluginManager:220 - loadIPPluginJar : add nvic
2023-07-25 15:03:27,741 [INFO] IPUIPlugin:80 - create IPUIPlugin
2023-07-25 15:03:27,742 [INFO] PluginManager:220 - loadIPPluginJar : add opamp
2023-07-25 15:03:27,745 [INFO] IPUIPlugin:80 - create IPUIPlugin
2023-07-25 15:03:27,745 [INFO] PluginManager:220 - loadIPPluginJar : add openamp
2023-07-25 15:03:27,750 [INFO] IPUIPlugin:80 - create IPUIPlugin
2023-07-25 15:03:27,750 [INFO] PluginManager:220 - loadIPPluginJar : add pdm2pcm
2023-07-25 15:03:27,758 [INFO] IPUIPlugin:80 - create IPUIPlugin
2023-07-25 15:03:27,762 [INFO] PluginManager:220 - loadIPPluginJar : add plateformsettings
2023-07-25 15:03:27,764 [INFO] IPUIPlugin:80 - create IPUIPlugin
2023-07-25 15:03:27,764 [INFO] PluginManager:220 - loadIPPluginJar : add quadspi
2023-07-25 15:03:27,770 [INFO] IPUIPlugin:80 - create IPUIPlugin
2023-07-25 15:03:27,770 [INFO] PluginManager:220 - loadIPPluginJar : add resmgrutility
2023-07-25 15:03:27,774 [INFO] IPUIPlugin:80 - create IPUIPlugin
2023-07-25 15:03:27,774 [INFO] PluginManager:220 - loadIPPluginJar : add sai
2023-07-25 15:03:27,778 [INFO] IPUIPlugin:80 - create IPUIPlugin
2023-07-25 15:03:27,778 [INFO] PluginManager:220 - loadIPPluginJar : add spi
2023-07-25 15:03:27,785 [INFO] IPUIPlugin:80 - create IPUIPlugin
2023-07-25 15:03:27,786 [INFO] PluginManager:220 - loadIPPluginJar : add stm32_wpan
2023-07-25 15:03:27,789 [INFO] IPUIPlugin:80 - create IPUIPlugin
2023-07-25 15:03:27,789 [INFO] PluginManager:220 - loadIPPluginJar : add tim
2023-07-25 15:03:27,794 [INFO] IPUIPlugin:80 - create IPUIPlugin
2023-07-25 15:03:27,796 [INFO] PluginManager:220 - loadIPPluginJar : add touchsensing
2023-07-25 15:03:27,799 [INFO] IPUIPlugin:80 - create IPUIPlugin
2023-07-25 15:03:27,799 [INFO] PluginManager:220 - loadIPPluginJar : add tracer_emb
2023-07-25 15:03:27,802 [INFO] IPUIPlugin:80 - create IPUIPlugin
2023-07-25 15:03:27,802 [INFO] PluginManager:220 - loadIPPluginJar : add ts
2023-07-25 15:03:27,805 [INFO] IPUIPlugin:80 - create IPUIPlugin
2023-07-25 15:03:27,805 [INFO] PluginManager:220 - loadIPPluginJar : add tsc
2023-07-25 15:03:27,809 [INFO] IPUIPlugin:80 - create IPUIPlugin
2023-07-25 15:03:27,809 [INFO] PluginManager:220 - loadIPPluginJar : add ucpd
2023-07-25 15:03:27,814 [INFO] IPUIPlugin:80 - create IPUIPlugin
2023-07-25 15:03:27,815 [INFO] PluginManager:220 - loadIPPluginJar : add usart
2023-07-25 15:03:27,818 [INFO] IPUIPlugin:80 - create IPUIPlugin
2023-07-25 15:03:27,818 [INFO] PluginManager:220 - loadIPPluginJar : add usbx
2023-07-25 15:03:27,979 [INFO] CADModel:165 - CPN selected for project level
2023-07-25 15:03:27,980 [INFO] CADModel:114 - Register for checkConnection events
2023-07-25 15:03:27,980 [FATAL] Updater:308 - Updater called before beeing initialized
2023-07-25 15:03:27,980 [ERROR] CADModel:125 - Updater not yet initialized, retry later 
2023-07-25 15:03:28,190 [INFO] CADModel:165 - CPN selected for project level
2023-07-25 15:03:28,190 [INFO] CADModel:114 - Register for checkConnection events
2023-07-25 15:03:28,190 [FATAL] Updater:308 - Updater called before beeing initialized
2023-07-25 15:03:28,191 [ERROR] CADModel:125 - Updater not yet initialized, retry later 
2023-07-25 15:03:28,196 [FATAL] Updater:308 - Updater called before beeing initialized
2023-07-25 15:03:28,348 [FATAL] Updater:308 - Updater called before beeing initialized
2023-07-25 15:03:28,356 [INFO] DbMcusAds:53 - JSON generation date=Thu Sep 30 02:55:09 BOT 2021 (1632984909247)
2023-07-25 15:03:28,357 [FATAL] Updater:308 - Updater called before beeing initialized
2023-07-25 15:03:28,421 [WARN] DetailPanel:346 - Failed to get advertising image, set to default
2023-07-25 15:03:28,668 [FATAL] Updater:308 - Updater called before beeing initialized
2023-07-25 15:03:28,672 [FATAL] Updater:308 - Updater called before beeing initialized
2023-07-25 15:03:28,673 [FATAL] Updater:308 - Updater called before beeing initialized
2023-07-25 15:03:28,673 [WARN] DetailPanel:346 - Failed to get advertising image, set to default
2023-07-25 15:03:28,674 [FATAL] Updater:308 - Updater called before beeing initialized
2023-07-25 15:03:28,741 [ERROR] Updater:1120 - MainUpdater not yet initialized. External WinMGr cannot be set.
2023-07-25 15:03:28,745 [INFO] Updater:1056 - Updater Version found : 6.8.1
2023-07-25 15:03:28,768 [INFO] ApplicationProperties:184 - Using Application install path: C:\ST\STM32CubeIDE_1.12.1\STM32CubeIDE\plugins\com.st.stm32cube.common.mx_6.8.1.202304191431
2023-07-25 15:03:28,812 [INFO] MainUpdater:519 - Copy updater definitions from MX database
2023-07-25 15:03:28,834 [INFO] MainUpdater:552 - Copy flag file definitions from MX database
2023-07-25 15:03:28,840 [INFO] MainUpdater:568 - Copy thirdparty index definitions from MX database
2023-07-25 15:03:28,844 [INFO] MainUpdater:587 - Copy default thirdparty db definitions from MX database
2023-07-25 15:03:29,610 [INFO] MainUpdater:2854 - connection check result : 10
2023-07-25 15:03:29,610 [INFO] MainUpdater:3548 - Updater definition file requires update
2023-07-25 15:03:29,619 [INFO] MainUpdater:283 - Updater Check For Update Now.
2023-07-25 15:03:29,621 [INFO] MicroXplorer:498 - Change Database Version : DB.6.0.81
2023-07-25 15:03:29,845 [WARN] MainUpdater:1187 - Updater busy. Cannot search thirdparties
2023-07-25 15:03:29,846 [INFO] ThirdPartyUpdaterWithRetryManager:96 - Updater plugin is busy. [1/15]
2023-07-25 15:03:29,911 [INFO] ServerAccessManage:473 - Download File updaters.zip
2023-07-25 15:03:30,269 [INFO] FileExtend:240 - Unzip File : updaters.zip
2023-07-25 15:03:30,269 [INFO] FileExtend:255 - Standard Zip Deflate
2023-07-25 15:03:31,144 [INFO] ServerAccessManage:473 - Download File PacksControlFlags.xml
2023-07-25 15:03:31,290 [INFO] ServerAccessManage:473 - Download File cubemx.pidx
2023-07-25 15:03:31,568 [INFO] ServerAccessManage:473 - Download File STMicroelectronics.FP-ATR-ASTRA1.pdsc
2023-07-25 15:03:31,960 [INFO] ServerAccessManage:473 - Download File STMicroelectronics.FP-ATR-SIGFOX1.pdsc
2023-07-25 15:03:32,202 [INFO] ServerAccessManage:473 - Download File STMicroelectronics.FP-SNS-FLIGHT1.pdsc
2023-07-25 15:03:32,605 [INFO] ServerAccessManage:473 - Download File STMicroelectronics.FP-SNS-MOTENV1.pdsc
2023-07-25 15:03:32,848 [WARN] MainUpdater:1187 - Updater busy. Cannot search thirdparties
2023-07-25 15:03:32,848 [INFO] ThirdPartyUpdaterWithRetryManager:96 - Updater plugin is busy. [2/15]
2023-07-25 15:03:33,075 [INFO] ServerAccessManage:473 - Download File STMicroelectronics.X-CUBE-AI.pdsc
2023-07-25 15:03:33,991 [ERROR] ConfigurationRetriever:142 - IOException on connection: Read timed out
2023-07-25 15:03:34,600 [INFO] ServerAccessManage:473 - Download File STMicroelectronics.X-CUBE-ALS.pdsc
2023-07-25 15:03:34,966 [INFO] ServerAccessManage:473 - Download File STMicroelectronics.X-CUBE-BLE1.pdsc
2023-07-25 15:03:35,862 [WARN] MainUpdater:1187 - Updater busy. Cannot search thirdparties
2023-07-25 15:03:35,862 [INFO] ThirdPartyUpdaterWithRetryManager:96 - Updater plugin is busy. [3/15]
2023-07-25 15:03:36,995 [ERROR] ServerAccessManage:1089 - Problem, file not found on Server
2023-07-25 15:03:37,099 [INFO] ServerAccessManage:473 - Download File STMicroelectronics.X-CUBE-BLE2.pdsc
2023-07-25 15:03:38,863 [WARN] MainUpdater:1187 - Updater busy. Cannot search thirdparties
2023-07-25 15:03:38,864 [INFO] ThirdPartyUpdaterWithRetryManager:96 - Updater plugin is busy. [4/15]
2023-07-25 15:03:39,334 [INFO] ServerAccessManage:473 - Download File STMicroelectronics.X-CUBE-BLEMGR.pdsc
2023-07-25 15:03:40,470 [INFO] ServerAccessManage:473 - Download File STMicroelectronics.X-CUBE-DISPLAY.pdsc
2023-07-25 15:03:41,873 [WARN] MainUpdater:1187 - Updater busy. Cannot search thirdparties
2023-07-25 15:03:41,873 [INFO] ThirdPartyUpdaterWithRetryManager:96 - Updater plugin is busy. [5/15]
2023-07-25 15:03:42,505 [INFO] ServerAccessManage:473 - Download File STMicroelectronics.X-CUBE-EEPRMA1.pdsc
2023-07-25 15:03:43,399 [ERROR] ServerAccessManage:1089 - Problem, file not found on Server
2023-07-25 15:03:44,187 [INFO] ServerAccessManage:473 - Download File STMicroelectronics.X-CUBE-FREERTOS.pdsc
2023-07-25 15:03:44,876 [WARN] MainUpdater:1187 - Updater busy. Cannot search thirdparties
2023-07-25 15:03:44,877 [INFO] ThirdPartyUpdaterWithRetryManager:96 - Updater plugin is busy. [6/15]
2023-07-25 15:03:45,016 [INFO] ServerAccessManage:473 - Download File STMicroelectronics.X-CUBE-GNSS1.pdsc
2023-07-25 15:03:47,032 [ERROR] ServerAccessManage:1089 - Problem, file not found on Server
2023-07-25 15:03:47,464 [ERROR] ServerAccessManage:1089 - Problem, file not found on Server
2023-07-25 15:03:47,887 [WARN] MainUpdater:1187 - Updater busy. Cannot search thirdparties
2023-07-25 15:03:47,887 [INFO] ThirdPartyUpdaterWithRetryManager:96 - Updater plugin is busy. [7/15]
2023-07-25 15:03:48,089 [ERROR] ServerAccessManage:1089 - Problem, file not found on Server
2023-07-25 15:03:48,572 [ERROR] ServerAccessManage:1089 - Problem, file not found on Server
2023-07-25 15:03:49,161 [ERROR] ServerAccessManage:1089 - Problem, file not found on Server
2023-07-25 15:03:49,782 [ERROR] ServerAccessManage:1089 - Problem, file not found on Server
2023-07-25 15:03:50,024 [INFO] MainUpdater:2854 - connection check result : 10
2023-07-25 15:03:50,397 [INFO] ServerAccessManage:473 - Download File STMicroelectronics.X-CUBE-ISPU.pdsc
2023-07-25 15:03:50,897 [WARN] MainUpdater:1187 - Updater busy. Cannot search thirdparties
2023-07-25 15:03:50,898 [INFO] ThirdPartyUpdaterWithRetryManager:96 - Updater plugin is busy. [8/15]
2023-07-25 15:03:51,105 [INFO] ServerAccessManage:473 - Download File STMicroelectronics.X-CUBE-MEMS1.pdsc
2023-07-25 15:03:53,899 [WARN] MainUpdater:1187 - Updater busy. Cannot search thirdparties
2023-07-25 15:03:53,899 [INFO] ThirdPartyUpdaterWithRetryManager:96 - Updater plugin is busy. [9/15]
2023-07-25 15:03:54,045 [INFO] ServerAccessManage:473 - Download File STMicroelectronics.X-CUBE-NFC4.pdsc
2023-07-25 15:03:55,491 [INFO] ServerAccessManage:473 - Download File STMicroelectronics.X-CUBE-NFC7.pdsc
2023-07-25 15:03:55,819 [INFO] ServerAccessManage:473 - Download File STMicroelectronics.X-CUBE-SFXS2LP1.pdsc
2023-07-25 15:03:56,307 [INFO] ServerAccessManage:473 - Download File STMicroelectronics.X-CUBE-SUBG2.pdsc
2023-07-25 15:03:56,904 [WARN] MainUpdater:1187 - Updater busy. Cannot search thirdparties
2023-07-25 15:03:56,904 [INFO] ThirdPartyUpdaterWithRetryManager:96 - Updater plugin is busy. [10/15]
2023-07-25 15:03:57,484 [INFO] ServerAccessManage:473 - Download File STMicroelectronics.X-CUBE-SMBUS.pdsc
2023-07-25 15:03:58,530 [ERROR] ServerAccessManage:1089 - Problem, file not found on Server
2023-07-25 15:03:58,630 [INFO] ServerAccessManage:473 - Download File STMicroelectronics.X-CUBE-TOF1.pdsc
2023-07-25 15:03:59,908 [ERROR] ServerAccessManage:1089 - Problem, file not found on Server
2023-07-25 15:03:59,910 [WARN] MainUpdater:1187 - Updater busy. Cannot search thirdparties
2023-07-25 15:03:59,910 [INFO] ThirdPartyUpdaterWithRetryManager:96 - Updater plugin is busy. [11/15]
2023-07-25 15:04:00,147 [INFO] ServerAccessManage:473 - Download File STMicroelectronics.X-CUBE-TOUCHGFX.pdsc
2023-07-25 15:04:01,879 [INFO] ServerAccessManage:473 - Download File STMicroelectronics.X-CUBE-ALGOBUILD.pdsc
2023-07-25 15:04:02,601 [INFO] ServerAccessManage:473 - Download File STMicroelectronics.X-CUBE-AZRTOS-H7.pdsc
2023-07-25 15:04:02,911 [WARN] MainUpdater:1187 - Updater busy. Cannot search thirdparties
2023-07-25 15:04:02,911 [INFO] ThirdPartyUpdaterWithRetryManager:96 - Updater plugin is busy. [12/15]
2023-07-25 15:04:03,708 [INFO] ServerAccessManage:473 - Download File STMicroelectronics.X-CUBE-AZRTOS-F4.pdsc
2023-07-25 15:04:04,243 [INFO] ServerAccessManage:473 - Download File STMicroelectronics.X-CUBE-AZRTOS-F7.pdsc
2023-07-25 15:04:04,625 [INFO] ServerAccessManage:473 - Download File STMicroelectronics.X-CUBE-AZRTOS-L4.pdsc
2023-07-25 15:04:05,123 [INFO] ServerAccessManage:473 - Download File STMicroelectronics.X-CUBE-AZRTOS-L5.pdsc
2023-07-25 15:04:05,510 [INFO] ServerAccessManage:473 - Download File STMicroelectronics.X-CUBE-AZRTOS-G0.pdsc
2023-07-25 15:04:05,899 [INFO] ServerAccessManage:473 - Download File STMicroelectronics.X-CUBE-AZRTOS-G4.pdsc
2023-07-25 15:04:05,926 [WARN] MainUpdater:1187 - Updater busy. Cannot search thirdparties
2023-07-25 15:04:05,927 [INFO] ThirdPartyUpdaterWithRetryManager:96 - Updater plugin is busy. [13/15]
2023-07-25 15:04:06,281 [INFO] ServerAccessManage:473 - Download File STMicroelectronics.X-CUBE-AZRTOS-WB.pdsc
2023-07-25 15:04:06,597 [INFO] ServerAccessManage:473 - Download File STMicroelectronics.X-CUBE-AZRTOS-WL.pdsc
2023-07-25 15:04:08,930 [WARN] MainUpdater:1187 - Updater busy. Cannot search thirdparties
2023-07-25 15:04:08,931 [INFO] ThirdPartyUpdaterWithRetryManager:96 - Updater plugin is busy. [14/15]
2023-07-25 15:04:09,678 [INFO] ServerAccessManage:473 - Download File wolfSSL.I-CUBE-wolfSSL.pdsc
2023-07-25 15:04:11,947 [WARN] MainUpdater:1187 - Updater busy. Cannot search thirdparties
2023-07-25 15:04:11,947 [INFO] ThirdPartyUpdaterWithRetryManager:96 - Updater plugin is busy. [15/15]
2023-07-25 15:04:11,948 [ERROR] IntegrityCheckThread:130 - Cannot retrieve database content from updater: error -1
2023-07-25 15:04:11,948 [INFO] ThirdParty:978 - Integrity check success = false
2023-07-25 15:04:11,948 [INFO] IntegrityCheckThread:100 - exiting critical section [integrity check]
2023-07-25 15:04:11,949 [INFO] IntegrityCheckThread:103 - End integrity checks thread
2023-07-25 15:04:17,100 [ERROR] ServerAccessManage:1089 - Problem, file not found on Server
2023-07-25 15:04:17,929 [ERROR] ServerAccessManage:1089 - Problem, file not found on Server
2023-07-25 15:04:18,665 [ERROR] ServerAccessManage:1089 - Problem, file not found on Server
2023-07-25 15:04:21,811 [ERROR] ServerAccessManage:1096 - Problem, Http access forbiden
2023-07-25 15:04:21,812 [ERROR] ServerAccessManage:651 - Problem, Http access forbiden : RoweBots.I-CUBE-UNISONRTOS.pdsc.
2023-07-25 15:04:24,514 [INFO] ServerAccessManage:473 - Download File SEGGER.I-CUBE-embOS.pdsc
2023-07-25 15:04:29,102 [INFO] MainUpdater:2854 - connection check result : 10
2023-07-25 15:04:31,211 [INFO] ServerAccessManage:473 - Download File portGmbH.I-Cube-SoM-uGOAL.pdsc
2023-07-25 15:04:34,506 [ERROR] ServerAccessManage:1089 - Problem, file not found on Server
2023-07-25 15:04:34,762 [ERROR] ServerAccessManage:1089 - Problem, file not found on Server
2023-07-25 15:04:35,017 [ERROR] ServerAccessManage:1089 - Problem, file not found on Server
2023-07-25 15:04:38,311 [INFO] ServerAccessManage:473 - Download File emotas.I-CUBE-CANOPEN.pdsc
2023-07-25 15:04:41,778 [INFO] ServerAccessManage:473 - Download File WES.I-CUBE-Cesium.pdsc
2023-07-25 15:04:45,747 [ERROR] ServerAccessManage:1089 - Problem, file not found on Server
2023-07-25 15:04:46,898 [ERROR] ServerAccessManage:1089 - Problem, file not found on Server
2023-07-25 15:04:47,032 [WARN] CheckServerUpdateThread:151 - Open CheckUpdateFile Fail
2023-07-25 15:04:47,047 [WARN] PackLoader:240 - Cannot read IP mode file for STMicroelectronics.FP-ATR-ASTRA1.2.0.0
2023-07-25 15:04:47,058 [WARN] PackLoader:240 - Cannot read IP mode file for STMicroelectronics.FP-ATR-SIGFOX1.3.2.0
2023-07-25 15:04:47,068 [WARN] PackLoader:240 - Cannot read IP mode file for STMicroelectronics.FP-SNS-FLIGHT1.5.0.2
2023-07-25 15:04:47,077 [WARN] PackLoader:240 - Cannot read IP mode file for STMicroelectronics.FP-SNS-MOTENV1.4.3.2
2023-07-25 15:04:47,088 [WARN] PackLoader:240 - Cannot read IP mode file for STMicroelectronics.X-CUBE-AI.8.0.1
2023-07-25 15:04:47,099 [WARN] PackLoader:240 - Cannot read IP mode file for STMicroelectronics.X-CUBE-ALS.1.0.1
2023-07-25 15:04:47,113 [WARN] PackLoader:240 - Cannot read IP mode file for STMicroelectronics.X-CUBE-BLE1.6.2.4
2023-07-25 15:04:47,124 [WARN] PackLoader:240 - Cannot read IP mode file for STMicroelectronics.X-CUBE-BLE2.3.3.0
2023-07-25 15:04:47,142 [WARN] PackLoader:240 - Cannot read IP mode file for STMicroelectronics.X-CUBE-BLEMGR.2.0.0
2023-07-25 15:04:47,171 [INFO] CheckServerUpdateThread:120 - End of CheckServer Thread
2023-07-25 15:04:47,175 [WARN] PackLoader:240 - Cannot read IP mode file for STMicroelectronics.X-CUBE-DISPLAY.3.0.0
2023-07-25 15:04:47,197 [WARN] PackLoader:240 - Cannot read IP mode file for STMicroelectronics.X-CUBE-EEPRMA1.4.1.0
2023-07-25 15:04:47,211 [WARN] PackLoader:240 - Cannot read IP mode file for STMicroelectronics.X-CUBE-FREERTOS.1.0.1
2023-07-25 15:04:47,223 [WARN] PackLoader:240 - Cannot read IP mode file for STMicroelectronics.X-CUBE-GNSS1.6.0.0
2023-07-25 15:04:47,223 [INFO] McuFinderGlobals:66 - Set McuFinderConnectedMode to true
2023-07-25 15:04:47,233 [WARN] PackLoader:240 - Cannot read IP mode file for STMicroelectronics.X-CUBE-ISPU.1.1.0
2023-07-25 15:04:47,322 [WARN] PackLoader:240 - Cannot read IP mode file for STMicroelectronics.X-CUBE-MEMS1.9.6.0
2023-07-25 15:04:47,697 [WARN] PackLoader:240 - Cannot read IP mode file for STMicroelectronics.X-CUBE-NFC4.3.0.0
2023-07-25 15:04:47,713 [WARN] PackLoader:240 - Cannot read IP mode file for STMicroelectronics.X-CUBE-NFC7.1.0.1
2023-07-25 15:04:47,737 [WARN] PackLoader:240 - Cannot read IP mode file for STMicroelectronics.X-CUBE-SFXS2LP1.4.0.0
2023-07-25 15:04:47,754 [WARN] PackLoader:240 - Cannot read IP mode file for STMicroelectronics.X-CUBE-SUBG2.5.0.0
2023-07-25 15:04:47,767 [WARN] PackLoader:240 - Cannot read IP mode file for STMicroelectronics.X-CUBE-SMBUS.2.1.0
2023-07-25 15:04:47,780 [WARN] PackLoader:240 - Cannot read IP mode file for STMicroelectronics.X-CUBE-TOF1.3.3.1
2023-07-25 15:04:47,797 [WARN] PackLoader:240 - Cannot read IP mode file for STMicroelectronics.X-CUBE-TOUCHGFX.4.22.0
2023-07-25 15:04:47,807 [WARN] PackLoader:240 - Cannot read IP mode file for STMicroelectronics.X-CUBE-ALGOBUILD.1.3.0
2023-07-25 15:04:47,831 [WARN] ConditionMgr:438 - getConditionDescription Invalid condition id : UX DEVICE CLASS RTOS Condition cause : null
2023-07-25 15:04:47,832 [WARN] ConditionMgr:438 - getConditionDescription Invalid condition id : UX DEVICE CLASS RTOS Condition cause : null
2023-07-25 15:04:47,841 [WARN] PackLoader:240 - Cannot read IP mode file for STMicroelectronics.X-CUBE-AZRTOS-H7.3.1.0
2023-07-25 15:04:47,842 [WARN] ConditionMgr:1039 - genDependencies : Invalid condition id : UX DEVICE CLASS RTOS Condition cause : null
2023-07-25 15:04:47,843 [WARN] ConditionMgr:1039 - genDependencies : Invalid condition id : UX DEVICE CLASS RTOS Condition cause : null
2023-07-25 15:04:47,846 [WARN] ConditionMgr:1039 - genDependencies : Invalid condition id : UX DEVICE CLASS RTOS Condition cause : null
2023-07-25 15:04:47,847 [WARN] ConditionMgr:1039 - genDependencies : Invalid condition id : UX DEVICE CLASS RTOS Condition cause : null
2023-07-25 15:04:47,848 [WARN] ConditionMgr:1039 - genDependencies : Invalid condition id : UX DEVICE CLASS RTOS Condition cause : null
2023-07-25 15:04:47,877 [WARN] PackLoader:240 - Cannot read IP mode file for STMicroelectronics.X-CUBE-AZRTOS-F4.1.1.0
2023-07-25 15:04:47,929 [WARN] PackLoader:240 - Cannot read IP mode file for STMicroelectronics.X-CUBE-AZRTOS-F7.1.1.0
2023-07-25 15:04:47,958 [WARN] ConditionMgr:438 - getConditionDescription Invalid condition id : LAN8742 Phy interface Condition cause : null
2023-07-25 15:04:47,960 [WARN] PackLoader:240 - Cannot read IP mode file for STMicroelectronics.X-CUBE-AZRTOS-L4.2.0.0
2023-07-25 15:04:47,962 [WARN] ConditionMgr:1039 - genDependencies : Invalid condition id : LAN8742 Phy interface Condition cause : null
2023-07-25 15:04:47,963 [WARN] ConditionMgr:1039 - genDependencies : Invalid condition id : LAN8742 Phy interface Condition cause : null
2023-07-25 15:04:47,963 [WARN] ConditionMgr:1039 - genDependencies : Invalid condition id : LAN8742 Phy interface Condition cause : null
2023-07-25 15:04:47,987 [WARN] PackLoader:240 - Cannot read IP mode file for STMicroelectronics.X-CUBE-AZRTOS-L5.1.1.0
2023-07-25 15:04:48,018 [WARN] PackLoader:240 - Cannot read IP mode file for STMicroelectronics.X-CUBE-AZRTOS-G0.1.1.0
2023-07-25 15:04:48,039 [WARN] PackLoader:240 - Cannot read IP mode file for STMicroelectronics.X-CUBE-AZRTOS-G4.2.0.0
2023-07-25 15:04:48,061 [WARN] PackLoader:240 - Cannot read IP mode file for STMicroelectronics.X-CUBE-AZRTOS-WB.1.1.0
2023-07-25 15:04:48,158 [INFO] LogOutputStream:77 - [STDOUT_REDIRECT] 1 : Invalid condition id : UX_CORESTACK_Condition cause : null
2023-07-25 15:04:48,165 [INFO] LogOutputStream:77 - [STDOUT_REDIRECT] 1 : Invalid condition id : UX_CORESTACK_Condition cause : null
2023-07-25 15:04:48,167 [INFO] LogOutputStream:77 - [STDOUT_REDIRECT] 1 : Invalid condition id : UX_CORESTACK_Condition cause : null
2023-07-25 15:04:48,169 [INFO] LogOutputStream:77 - [STDOUT_REDIRECT] 1 : Invalid condition id : UX_CORESTACK_Condition cause : null
2023-07-25 15:04:48,170 [INFO] LogOutputStream:77 - [STDOUT_REDIRECT] 1 : Invalid condition id : UX_CORESTACK_Condition cause : null
2023-07-25 15:04:48,174 [WARN] PackLoader:240 - Cannot read IP mode file for STMicroelectronics.X-CUBE-AZRTOS-WL.2.0.0
2023-07-25 15:04:48,181 [INFO] ApiDb:581 - Connected to CubeFinder SQLite database (C:\Users\Ayrton Araújo\.stmcufinder\plugins\mcufinder\mcu\cube-finder-db.db)
2023-07-25 15:04:48,183 [WARN] PackLoader:240 - Cannot read IP mode file for wolfSSL.I-CUBE-wolfSSL.5.6.3
2023-07-25 15:04:48,228 [WARN] PackLoader:240 - Cannot read IP mode file for SEGGER.I-CUBE-embOS.1.3.1
2023-07-25 15:04:48,296 [WARN] PackLoader:240 - Cannot read IP mode file for portGmbH.I-Cube-SoM-uGOAL.1.1.0
2023-07-25 15:04:48,304 [WARN] PackLoader:240 - Cannot read IP mode file for emotas.I-CUBE-CANOPEN.1.3.0
2023-07-25 15:04:48,314 [WARN] PackLoader:240 - Cannot read IP mode file for WES.I-CUBE-Cesium.1.3.0
2023-07-25 15:04:48,315 [INFO] PopulateThirdPartyThread:66 - Ending populate Thread
2023-07-25 15:04:48,321 [INFO] ThirdParty:1030 - CMSIS Pack Vendor :STMicroelectronics X-CUBE-ISPU 1.1.0
2023-07-25 15:04:48,322 [INFO] ThirdParty:1030 - CMSIS Pack Vendor :STMicroelectronics X-CUBE-DISPLAY 3.0.0
2023-07-25 15:04:48,322 [INFO] ThirdParty:1030 - CMSIS Pack Vendor :STMicroelectronics X-CUBE-GNSS1 6.0.0
2023-07-25 15:04:48,322 [INFO] ThirdParty:1030 - CMSIS Pack Vendor :STMicroelectronics X-CUBE-AZRTOS-F4 1.1.0
2023-07-25 15:04:48,322 [INFO] ThirdParty:1030 - CMSIS Pack Vendor :STMicroelectronics FP-ATR-SIGFOX1 3.2.0
2023-07-25 15:04:48,323 [INFO] ThirdParty:1030 - CMSIS Pack Vendor :wolfSSL I-CUBE-wolfSSL 5.6.3
2023-07-25 15:04:48,323 [INFO] ThirdParty:1030 - CMSIS Pack Vendor :STMicroelectronics X-CUBE-SMBUS 2.1.0
2023-07-25 15:04:48,323 [INFO] ThirdParty:1030 - CMSIS Pack Vendor :emotas I-CUBE-CANOPEN 1.3.0
2023-07-25 15:04:48,323 [INFO] ThirdParty:1030 - CMSIS Pack Vendor :STMicroelectronics X-CUBE-FREERTOS 1.0.1
2023-07-25 15:04:48,323 [INFO] ThirdParty:1030 - CMSIS Pack Vendor :STMicroelectronics X-CUBE-NFC7 1.0.1
2023-07-25 15:04:48,323 [INFO] ThirdParty:1030 - CMSIS Pack Vendor :STMicroelectronics X-CUBE-TOUCHGFX 4.22.0
2023-07-25 15:04:48,324 [INFO] ThirdParty:1030 - CMSIS Pack Vendor :STMicroelectronics X-CUBE-AZRTOS-F7 1.1.0
2023-07-25 15:04:48,324 [INFO] ThirdParty:1030 - CMSIS Pack Vendor :STMicroelectronics X-CUBE-ALS 1.0.1
2023-07-25 15:04:48,324 [INFO] ThirdParty:1030 - CMSIS Pack Vendor :STMicroelectronics X-CUBE-EEPRMA1 4.1.0
2023-07-25 15:04:48,324 [INFO] ThirdParty:1030 - CMSIS Pack Vendor :portGmbH I-Cube-SoM-uGOAL 1.1.0
2023-07-25 15:04:48,324 [INFO] ApiDb:668 - CubeFinder database Data Model version=2.1
2023-07-25 15:04:48,324 [INFO] ThirdParty:1030 - CMSIS Pack Vendor :STMicroelectronics X-CUBE-MEMS1 9.6.0
2023-07-25 15:04:48,325 [INFO] ApiDb:669 - CubeFinder database Configuration version=3.0.35
2023-07-25 15:04:48,325 [INFO] ThirdParty:1030 - CMSIS Pack Vendor :STMicroelectronics X-CUBE-AZRTOS-WB 1.1.0
2023-07-25 15:04:48,325 [INFO] ThirdParty:1030 - CMSIS Pack Vendor :STMicroelectronics FP-SNS-MOTENV1 4.3.2
2023-07-25 15:04:48,325 [INFO] ThirdParty:1030 - CMSIS Pack Vendor :STMicroelectronics X-CUBE-ALGOBUILD 1.3.0
2023-07-25 15:04:48,325 [INFO] ApiDb:670 - CubeFinder database generation date=2023-04-03 (1680511692)
2023-07-25 15:04:48,325 [INFO] ThirdParty:1030 - CMSIS Pack Vendor :STMicroelectronics X-CUBE-AZRTOS-WL 2.0.0
2023-07-25 15:04:48,325 [INFO] ApiDb:671 - CubeFinder database FW Pack versions=[FP-ATR-ASTRA1_V2.0.0, STM32Cube_FW_C0_V1.0.1, STM32Cube_FW_F0_V1.11.4, STM32Cube_FW_F3_V1.11.4, STM32Cube_FW_F4_V1.27.1, STM32Cube_FW_F7_V1.17.0, STM32Cube_FW_G0_V1.6.1, STM32Cube_FW_G4_V1.5.1, STM32Cube_FW_H5_V0.5.1, STM32Cube_FW_H5_V1.0.0, STM32Cube_FW_H7_V1.11.0, STM32Cube_FW_L0_V1.12.2, STM32Cube_FW_L5_V1.5.0, STM32Cube_FW_U5_V1.2.0, STM32Cube_FW_WBA_V1.0.0, STM32Cube_FW_WBA_V1.0.0RC1, STM32Cube_FW_WBA_V1.0.0RC3, STM32Cube_FW_WB_V1.15.0RC1, STM32Cube_FW_WB_V1.16.0, STM32Cube_FW_WB_V1.16.0RC2, STM32Cube_FW_WL_V1.3.0, X-CUBE-ALGOBUILD_V1.3.0, X-CUBE-ALS_V1.0.1, X-CUBE-AZRTOS-F4_V1.1.0, X-CUBE-AZRTOS-F7_V1.1.0, X-CUBE-AZRTOS-G0_V1.1.0, X-CUBE-AZRTOS-G4_V1.0.0, X-CUBE-AZRTOS-H7_V3.0.0, X-CUBE-AZRTOS-L4_V1.0.0, X-CUBE-AZRTOS-L5_V1.1.0, X-CUBE-AZRTOS-WB_V1.1.0, X-CUBE-AZRTOS-WL_V1.0.0, X-CUBE-BLE1_V6.2.4, X-CUBE-BLE2_V3.3.0, X-CUBE-BLEMGR_V1.3.0, X-CUBE-EEPRMA1_V4.1.0, X-CUBE-FREERTOS_V1.0.1, X-CUBE-GNSS1_V6.0.0, X-CUBE-MEMS1_V9.1.0, X-CUBE-MEMS1_V9.4.0, X-CUBE-MEMS1_V9.5.0, X-CUBE-NFC4_V3.0.0, X-CUBE-NFC7_V1.0.0, X-CUBE-SFXS2LP1_V4.0.0, X-CUBE-SUBG2_V5.0.0]
2023-07-25 15:04:48,325 [INFO] ThirdParty:1030 - CMSIS Pack Vendor :SEGGER I-CUBE-embOS 1.3.1
2023-07-25 15:04:48,327 [INFO] ThirdParty:1030 - CMSIS Pack Vendor :STMicroelectronics X-CUBE-BLE1 6.2.4
2023-07-25 15:04:48,327 [INFO] ThirdParty:1030 - CMSIS Pack Vendor :STMicroelectronics X-CUBE-AZRTOS-L5 1.1.0
2023-07-25 15:04:48,327 [INFO] ThirdParty:1030 - CMSIS Pack Vendor :STMicroelectronics X-CUBE-AZRTOS-G0 1.1.0
2023-07-25 15:04:48,327 [INFO] ThirdParty:1030 - CMSIS Pack Vendor :STMicroelectronics X-CUBE-AI 8.0.1
2023-07-25 15:04:48,327 [INFO] ThirdParty:1030 - CMSIS Pack Vendor :STMicroelectronics X-CUBE-BLEMGR 2.0.0
2023-07-25 15:04:48,327 [INFO] ThirdParty:1030 - CMSIS Pack Vendor :STMicroelectronics X-CUBE-NFC4 3.0.0
2023-07-25 15:04:48,328 [INFO] ThirdParty:1030 - CMSIS Pack Vendor :STMicroelectronics X-CUBE-SUBG2 5.0.0
2023-07-25 15:04:48,328 [INFO] ThirdParty:1030 - CMSIS Pack Vendor :STMicroelectronics X-CUBE-AZRTOS-L4 2.0.0
2023-07-25 15:04:48,328 [INFO] ThirdParty:1030 - CMSIS Pack Vendor :STMicroelectronics FP-ATR-ASTRA1 2.0.0
2023-07-25 15:04:48,329 [INFO] ThirdParty:1030 - CMSIS Pack Vendor :WES I-CUBE-Cesium 1.3.0
2023-07-25 15:04:48,329 [INFO] ThirdParty:1030 - CMSIS Pack Vendor :STMicroelectronics X-CUBE-SFXS2LP1 4.0.0
2023-07-25 15:04:48,329 [INFO] ThirdParty:1030 - CMSIS Pack Vendor :STMicroelectronics FP-SNS-FLIGHT1 5.0.2
2023-07-25 15:04:48,330 [INFO] ThirdParty:1030 - CMSIS Pack Vendor :STMicroelectronics X-CUBE-BLE2 3.3.0
2023-07-25 15:04:48,330 [INFO] ThirdParty:1030 - CMSIS Pack Vendor :STMicroelectronics X-CUBE-TOF1 3.3.1
2023-07-25 15:04:48,330 [INFO] ThirdParty:1030 - CMSIS Pack Vendor :STMicroelectronics X-CUBE-AZRTOS-G4 2.0.0
2023-07-25 15:04:48,330 [INFO] ThirdParty:1030 - CMSIS Pack Vendor :STMicroelectronics X-CUBE-AZRTOS-H7 3.1.0
2023-07-25 15:04:48,331 [INFO] LoadServerUpdatesThread:373 - End of LoadServerUpdate Thread
2023-07-25 15:04:48,460 [INFO] DbBoardsSqlite:226 - include board P-NUCLEO-WB55-NUCLEO as a kit item of type 'Nucleo-64'
2023-07-25 15:04:48,461 [INFO] DbBoardsSqlite:226 - include board P-NUCLEO-WB55-USBDONGLE as a kit item of type 'Nucleo USB Dongle'
2023-07-25 15:04:48,463 [INFO] DbBoardsSqlite:226 - include board STEVAL-IDP005V1 as a kit item of type 'Evaluation Board'
2023-07-25 15:04:48,463 [INFO] DbBoardsSqlite:226 - include board STEVAL-IDP005V2 as a kit item of type 'Evaluation Board'
2023-07-25 15:04:48,577 [INFO] ApiDb:240 - Found 297 in-development CPN: [B-G473E-ZEST1S, B-WB1M-WPAN1, B-WL5M-SUBG1, NUCLEO-C031C6, NUCLEO-H503RB, NUCLEO-H563ZI, NUCLEO-U545RE-Q, NUCLEO-U5A5ZJ-Q, NUCLEO-WBA52CG, STEVAL-PROTEUS1, STEVAL-STWINBX1, STM320518-EVAL, STM32C0116-DK, STM32C011D6Y3TR, STM32C011D6Y6TR, STM32C011F4P3, STM32C011F4P6, STM32C011F4U3, STM32C011F4U6TR, STM32C011F6P3, STM32C011F6P6, STM32C011F6U3, STM32C011F6U6TR, STM32C011J4M3, STM32C011J4M6, STM32C011J6M3, STM32C011J6M6, STM32C0316-DK, STM32C031C4T3, STM32C031C4T6, STM32C031C4U3, STM32C031C4U6, STM32C031C6T3, STM32C031C6T6, STM32C031C6U3, STM32C031C6U6, STM32C031F4P3, STM32C031F4P6, STM32C031F6P3, STM32C031F6P6, STM32C031G4U3, STM32C031G4U6, STM32C031G6U3, STM32C031G6U6, STM32C031K4T3, STM32C031K4T6, STM32C031K4U3, STM32C031K4U6, STM32C031K6T3, STM32C031K6T6, STM32C031K6U3, STM32C031K6U6, STM32G071K8TXN, STM32G071K8UXN, STM32G081GBU6N, STM32G081KBT6N, STM32G081KBUXN, STM32G0B1CCT6N, STM32G0B1KCT6, STM32G0B1NEY6TR, STM32G0B1RCT6N, STM32G0C1CCT6, STM32G0C1CCT6N, STM32G0C1CCU6N, STM32G0C1CET6N, STM32G0C1CEU6N, STM32G0C1KCT6, STM32G0C1NEY6TR, STM32G0C1RCI6N, STM32G0C1RCT6N, STM32G0C1REI6N, STM32G0C1RET6N, STM32G0C1VCI6, STM32G0C1VEI6, STM32G471CCT6, STM32G471CCU6, STM32G471CET3, STM32G471CET6, STM32G471CEU3, STM32G471CEU6, STM32G471MCT6, STM32G471MET3, STM32G471MET6, STM32G471MEY6TR, STM32G471QCT6, STM32G471QET3, STM32G471RCT6, STM32G471RET3, STM32G471RET6, STM32G471VCH6, STM32G471VCI6, STM32G471VCT6, STM32G471VEH3, STM32G471VEH6, STM32G471VEI3, STM32G471VEI6, STM32G471VET3, STM32G471VET6, STM32G474CCT6, STM32H503CBT6, STM32H503CBU6, STM32H503EBY6TR, STM32H503KBU6, STM32H503RBT6, STM32H562AGI6, STM32H562AII6, STM32H562IGK6, STM32H562IGT6, STM32H562IIK6, STM32H562IIT6, STM32H562RGT6, STM32H562RGV6, STM32H562RIT6, STM32H562RIV6, STM32H562VGT6, STM32H562VIT6, STM32H562ZGT6, STM32H562ZIT6, STM32H563AGI6, STM32H563AII3Q, STM32H563AII6, STM32H563IGK6, STM32H563IGT6, STM32H563IIK3Q, STM32H563IIK6, STM32H563IIT3Q, STM32H563IIT6, STM32H563MIY3QTR, STM32H563RGT6, STM32H563RGV6, STM32H563RIT6, STM32H563RIV6, STM32H563VGT6, STM32H563VIT3Q, STM32H563VIT6, STM32H563ZGT6, STM32H563ZIT3Q, STM32H563ZIT6, STM32H573AII3Q, STM32H573AII6, STM32H573I-DK, STM32H573IIK3Q, STM32H573IIK6, STM32H573IIT3Q, STM32H573IIT6, STM32H573MIY3QTR, STM32H573RIT6, STM32H573RIV6, STM32H573VIT3Q, STM32H573VIT6, STM32H573ZIT3Q, STM32H573ZIT6, STM32L4R5QGI6STR, STM32MP131AAE3, STM32MP131AAF3, STM32MP131AAG3, STM32MP131CAE3, STM32MP131CAF3, STM32MP131CAG3, STM32MP131DAE7, STM32MP131DAF7, STM32MP131DAG7, STM32MP131FAE7, STM32MP131FAF7, STM32MP131FAG7, STM32MP133AAE3, STM32MP133AAF3, STM32MP133AAG3, STM32MP133CAE3, STM32MP133CAF3, STM32MP133CAG3, STM32MP133DAE7, STM32MP133DAF7, STM32MP133DAG7, STM32MP133FAE7, STM32MP133FAF7, STM32MP133FAG7, STM32MP135AAE3, STM32MP135AAF3, STM32MP135AAG3, STM32MP135CAE3, STM32MP135CAF3, STM32MP135CAG3, STM32MP135DAE7, STM32MP135DAF7, STM32MP135DAG7, STM32MP135F-DK, STM32MP135FAE7, STM32MP135FAF7, STM32MP135FAF7T, STM32MP135FAF7U, STM32MP135FAG7, STM32U535CBT6, STM32U535CBT6Q, STM32U535CBU6, STM32U535CBU6Q, STM32U535CCT6, STM32U535CCT6Q, STM32U535CCU6, STM32U535CCU6Q, STM32U535CET6, STM32U535CET6Q, STM32U535CEU6, STM32U535CEU6Q, STM32U535JEY6QTR, STM32U535NCY6QTR, STM32U535NEY6QTR, STM32U535RBI6, STM32U535RBI6Q, STM32U535RBT6, STM32U535RBT6Q, STM32U535RCI6, STM32U535RCI6Q, STM32U535RCT6, STM32U535RCT6Q, STM32U535REI6, STM32U535REI6Q, STM32U535RET6, STM32U535RET6Q, STM32U535VCI6, STM32U535VCI6Q, STM32U535VCT6, STM32U535VCT6Q, STM32U535VEI6, STM32U535VEI6Q, STM32U535VET6, STM32U535VET6Q, STM32U545CET6, STM32U545CET6Q, STM32U545CEU6, STM32U545CEU6Q, STM32U545JEY6QTR, STM32U545NEY6QTR, STM32U545REI6, STM32U545REI6Q, STM32U545RET6, STM32U545RET6Q, STM32U545VEI6, STM32U545VEI6Q, STM32U545VET6, STM32U545VET6Q, STM32U595AIH6, STM32U595AIH6Q, STM32U595AJH6, STM32U595AJH6Q, STM32U595QII6, STM32U595QII6Q, STM32U595QJI6, STM32U595QJI6Q, STM32U595RIT6, STM32U595RIT6Q, STM32U595RJT6, STM32U595RJT6Q, STM32U595VIT6, STM32U595VIT6Q, STM32U595VJT6, STM32U595VJT6Q, STM32U595ZIT6, STM32U595ZIT6Q, STM32U595ZIY6QTR, STM32U595ZJT6, STM32U595ZJT6Q, STM32U595ZJY6QTR, STM32U599BJY6QTR, STM32U599NIH6Q, STM32U599NJH6Q, STM32U599VIT6Q, STM32U599VJT6, STM32U599VJT6Q, STM32U599ZIT6Q, STM32U599ZIY6QTR, STM32U599ZJT6Q, STM32U599ZJY6QTR, STM32U5A5AJH6, STM32U5A5AJH6Q, STM32U5A5QJI6, STM32U5A5QJI6Q, STM32U5A5RJT6, STM32U5A5RJT6Q, STM32U5A5VJT6, STM32U5A5VJT6Q, STM32U5A5ZJT6, STM32U5A5ZJT6Q, STM32U5A5ZJY6QTR, STM32U5A9BJY6QTR, STM32U5A9J-DK, STM32U5A9NJH6Q, STM32U5A9VJT6Q, STM32U5A9ZJT6Q, STM32U5A9ZJY6QTR, STM32WB1MMCH6, STM32WBA52CEU6, STM32WBA52CEU6T, STM32WBA52CGU6, STM32WBA52CGU6T, STM32WL5MOCH6, STM32WL5MOCH6TR]
2023-07-25 15:04:48,761 [INFO] ServerAccessManage:473 - Download File mcusAds.json._tmp_
2023-07-25 15:04:48,914 [INFO] LoadUrlFilesThread:156 - End of LoadUrlFiles Thread
2023-07-25 15:04:48,974 [INFO] BoardInfo:880 - No configuration file found for board P-NUCLEO-WB55
2023-07-25 15:04:48,975 [INFO] DbBoards:157 - Kit is not supported: P-NUCLEO-WB55
2023-07-25 15:04:48,989 [INFO] BoardInfo:880 - No configuration file found for board STEVAL-BFA001V1B
2023-07-25 15:04:48,989 [INFO] DbBoards:157 - Kit is not supported: STEVAL-BFA001V1B
2023-07-25 15:04:48,993 [INFO] BoardInfo:880 - No configuration file found for board STEVAL-BFA001V2B
2023-07-25 15:04:48,994 [INFO] DbBoards:157 - Kit is not supported: STEVAL-BFA001V2B
2023-07-25 15:04:49,393 [INFO] DbBoards:161 - Found 187 boards, 184 are supported
2023-07-25 15:04:49,399 [INFO] ApiDb:668 - CubeFinder database Data Model version=2.1
2023-07-25 15:04:49,399 [INFO] ApiDb:669 - CubeFinder database Configuration version=3.0.35
2023-07-25 15:04:49,399 [INFO] ApiDb:670 - CubeFinder database generation date=2023-04-03 (1680511692)
2023-07-25 15:04:49,399 [INFO] ApiDb:671 - CubeFinder database FW Pack versions=[FP-ATR-ASTRA1_V2.0.0, STM32Cube_FW_C0_V1.0.1, STM32Cube_FW_F0_V1.11.4, STM32Cube_FW_F3_V1.11.4, STM32Cube_FW_F4_V1.27.1, STM32Cube_FW_F7_V1.17.0, STM32Cube_FW_G0_V1.6.1, STM32Cube_FW_G4_V1.5.1, STM32Cube_FW_H5_V0.5.1, STM32Cube_FW_H5_V1.0.0, STM32Cube_FW_H7_V1.11.0, STM32Cube_FW_L0_V1.12.2, STM32Cube_FW_L5_V1.5.0, STM32Cube_FW_U5_V1.2.0, STM32Cube_FW_WBA_V1.0.0, STM32Cube_FW_WBA_V1.0.0RC1, STM32Cube_FW_WBA_V1.0.0RC3, STM32Cube_FW_WB_V1.15.0RC1, STM32Cube_FW_WB_V1.16.0, STM32Cube_FW_WB_V1.16.0RC2, STM32Cube_FW_WL_V1.3.0, X-CUBE-ALGOBUILD_V1.3.0, X-CUBE-ALS_V1.0.1, X-CUBE-AZRTOS-F4_V1.1.0, X-CUBE-AZRTOS-F7_V1.1.0, X-CUBE-AZRTOS-G0_V1.1.0, X-CUBE-AZRTOS-G4_V1.0.0, X-CUBE-AZRTOS-H7_V3.0.0, X-CUBE-AZRTOS-L4_V1.0.0, X-CUBE-AZRTOS-L5_V1.1.0, X-CUBE-AZRTOS-WB_V1.1.0, X-CUBE-AZRTOS-WL_V1.0.0, X-CUBE-BLE1_V6.2.4, X-CUBE-BLE2_V3.3.0, X-CUBE-BLEMGR_V1.3.0, X-CUBE-EEPRMA1_V4.1.0, X-CUBE-FREERTOS_V1.0.1, X-CUBE-GNSS1_V6.0.0, X-CUBE-MEMS1_V9.1.0, X-CUBE-MEMS1_V9.4.0, X-CUBE-MEMS1_V9.5.0, X-CUBE-NFC4_V3.0.0, X-CUBE-NFC7_V1.0.0, X-CUBE-SFXS2LP1_V4.0.0, X-CUBE-SUBG2_V5.0.0]
2023-07-25 15:04:51,643 [INFO] ApiDb:240 - Found 297 in-development CPN: [B-G473E-ZEST1S, B-WB1M-WPAN1, B-WL5M-SUBG1, NUCLEO-C031C6, NUCLEO-H503RB, NUCLEO-H563ZI, NUCLEO-U545RE-Q, NUCLEO-U5A5ZJ-Q, NUCLEO-WBA52CG, STEVAL-PROTEUS1, STEVAL-STWINBX1, STM320518-EVAL, STM32C0116-DK, STM32C011D6Y3TR, STM32C011D6Y6TR, STM32C011F4P3, STM32C011F4P6, STM32C011F4U3, STM32C011F4U6TR, STM32C011F6P3, STM32C011F6P6, STM32C011F6U3, STM32C011F6U6TR, STM32C011J4M3, STM32C011J4M6, STM32C011J6M3, STM32C011J6M6, STM32C0316-DK, STM32C031C4T3, STM32C031C4T6, STM32C031C4U3, STM32C031C4U6, STM32C031C6T3, STM32C031C6T6, STM32C031C6U3, STM32C031C6U6, STM32C031F4P3, STM32C031F4P6, STM32C031F6P3, STM32C031F6P6, STM32C031G4U3, STM32C031G4U6, STM32C031G6U3, STM32C031G6U6, STM32C031K4T3, STM32C031K4T6, STM32C031K4U3, STM32C031K4U6, STM32C031K6T3, STM32C031K6T6, STM32C031K6U3, STM32C031K6U6, STM32G071K8TXN, STM32G071K8UXN, STM32G081GBU6N, STM32G081KBT6N, STM32G081KBUXN, STM32G0B1CCT6N, STM32G0B1KCT6, STM32G0B1NEY6TR, STM32G0B1RCT6N, STM32G0C1CCT6, STM32G0C1CCT6N, STM32G0C1CCU6N, STM32G0C1CET6N, STM32G0C1CEU6N, STM32G0C1KCT6, STM32G0C1NEY6TR, STM32G0C1RCI6N, STM32G0C1RCT6N, STM32G0C1REI6N, STM32G0C1RET6N, STM32G0C1VCI6, STM32G0C1VEI6, STM32G471CCT6, STM32G471CCU6, STM32G471CET3, STM32G471CET6, STM32G471CEU3, STM32G471CEU6, STM32G471MCT6, STM32G471MET3, STM32G471MET6, STM32G471MEY6TR, STM32G471QCT6, STM32G471QET3, STM32G471RCT6, STM32G471RET3, STM32G471RET6, STM32G471VCH6, STM32G471VCI6, STM32G471VCT6, STM32G471VEH3, STM32G471VEH6, STM32G471VEI3, STM32G471VEI6, STM32G471VET3, STM32G471VET6, STM32G474CCT6, STM32H503CBT6, STM32H503CBU6, STM32H503EBY6TR, STM32H503KBU6, STM32H503RBT6, STM32H562AGI6, STM32H562AII6, STM32H562IGK6, STM32H562IGT6, STM32H562IIK6, STM32H562IIT6, STM32H562RGT6, STM32H562RGV6, STM32H562RIT6, STM32H562RIV6, STM32H562VGT6, STM32H562VIT6, STM32H562ZGT6, STM32H562ZIT6, STM32H563AGI6, STM32H563AII3Q, STM32H563AII6, STM32H563IGK6, STM32H563IGT6, STM32H563IIK3Q, STM32H563IIK6, STM32H563IIT3Q, STM32H563IIT6, STM32H563MIY3QTR, STM32H563RGT6, STM32H563RGV6, STM32H563RIT6, STM32H563RIV6, STM32H563VGT6, STM32H563VIT3Q, STM32H563VIT6, STM32H563ZGT6, STM32H563ZIT3Q, STM32H563ZIT6, STM32H573AII3Q, STM32H573AII6, STM32H573I-DK, STM32H573IIK3Q, STM32H573IIK6, STM32H573IIT3Q, STM32H573IIT6, STM32H573MIY3QTR, STM32H573RIT6, STM32H573RIV6, STM32H573VIT3Q, STM32H573VIT6, STM32H573ZIT3Q, STM32H573ZIT6, STM32L4R5QGI6STR, STM32MP131AAE3, STM32MP131AAF3, STM32MP131AAG3, STM32MP131CAE3, STM32MP131CAF3, STM32MP131CAG3, STM32MP131DAE7, STM32MP131DAF7, STM32MP131DAG7, STM32MP131FAE7, STM32MP131FAF7, STM32MP131FAG7, STM32MP133AAE3, STM32MP133AAF3, STM32MP133AAG3, STM32MP133CAE3, STM32MP133CAF3, STM32MP133CAG3, STM32MP133DAE7, STM32MP133DAF7, STM32MP133DAG7, STM32MP133FAE7, STM32MP133FAF7, STM32MP133FAG7, STM32MP135AAE3, STM32MP135AAF3, STM32MP135AAG3, STM32MP135CAE3, STM32MP135CAF3, STM32MP135CAG3, STM32MP135DAE7, STM32MP135DAF7, STM32MP135DAG7, STM32MP135F-DK, STM32MP135FAE7, STM32MP135FAF7, STM32MP135FAF7T, STM32MP135FAF7U, STM32MP135FAG7, STM32U535CBT6, STM32U535CBT6Q, STM32U535CBU6, STM32U535CBU6Q, STM32U535CCT6, STM32U535CCT6Q, STM32U535CCU6, STM32U535CCU6Q, STM32U535CET6, STM32U535CET6Q, STM32U535CEU6, STM32U535CEU6Q, STM32U535JEY6QTR, STM32U535NCY6QTR, STM32U535NEY6QTR, STM32U535RBI6, STM32U535RBI6Q, STM32U535RBT6, STM32U535RBT6Q, STM32U535RCI6, STM32U535RCI6Q, STM32U535RCT6, STM32U535RCT6Q, STM32U535REI6, STM32U535REI6Q, STM32U535RET6, STM32U535RET6Q, STM32U535VCI6, STM32U535VCI6Q, STM32U535VCT6, STM32U535VCT6Q, STM32U535VEI6, STM32U535VEI6Q, STM32U535VET6, STM32U535VET6Q, STM32U545CET6, STM32U545CET6Q, STM32U545CEU6, STM32U545CEU6Q, STM32U545JEY6QTR, STM32U545NEY6QTR, STM32U545REI6, STM32U545REI6Q, STM32U545RET6, STM32U545RET6Q, STM32U545VEI6, STM32U545VEI6Q, STM32U545VET6, STM32U545VET6Q, STM32U595AIH6, STM32U595AIH6Q, STM32U595AJH6, STM32U595AJH6Q, STM32U595QII6, STM32U595QII6Q, STM32U595QJI6, STM32U595QJI6Q, STM32U595RIT6, STM32U595RIT6Q, STM32U595RJT6, STM32U595RJT6Q, STM32U595VIT6, STM32U595VIT6Q, STM32U595VJT6, STM32U595VJT6Q, STM32U595ZIT6, STM32U595ZIT6Q, STM32U595ZIY6QTR, STM32U595ZJT6, STM32U595ZJT6Q, STM32U595ZJY6QTR, STM32U599BJY6QTR, STM32U599NIH6Q, STM32U599NJH6Q, STM32U599VIT6Q, STM32U599VJT6, STM32U599VJT6Q, STM32U599ZIT6Q, STM32U599ZIY6QTR, STM32U599ZJT6Q, STM32U599ZJY6QTR, STM32U5A5AJH6, STM32U5A5AJH6Q, STM32U5A5QJI6, STM32U5A5QJI6Q, STM32U5A5RJT6, STM32U5A5RJT6Q, STM32U5A5VJT6, STM32U5A5VJT6Q, STM32U5A5ZJT6, STM32U5A5ZJT6Q, STM32U5A5ZJY6QTR, STM32U5A9BJY6QTR, STM32U5A9J-DK, STM32U5A9NJH6Q, STM32U5A9VJT6Q, STM32U5A9ZJT6Q, STM32U5A9ZJY6QTR, STM32WB1MMCH6, STM32WBA52CEU6, STM32WBA52CEU6T, STM32WBA52CGU6, STM32WBA52CGU6T, STM32WL5MOCH6, STM32WL5MOCH6TR]
2023-07-25 15:04:51,650 [INFO] DbMcus:216 - Found 3775 MCUs, 3775 are supported
2023-07-25 15:04:51,651 [INFO] ApiDb:414 - User favorites file not found: C:\Users\Ayrton Araújo/.stm32cubeide/favorites.mcus.txt
2023-07-25 15:04:51,651 [INFO] DbMcus:222 - Set 0 / 0 favorites MCUs
2023-07-25 15:04:51,909 [INFO] ApiDb:414 - User favorites file not found: C:\Users\Ayrton Araújo/.stm32cubeide/favorites.boards.txt
2023-07-25 15:04:51,910 [INFO] DbBoards:190 - Set 0 / 0 favorites Boards
2023-07-25 15:04:51,910 [INFO] McuFinderGlobals:66 - Set McuFinderConnectedMode to true
2023-07-25 15:04:51,925 [INFO] MultiScanPanel:200 - Auto-refresh data requested => check proxy status ongoing
2023-07-25 15:04:51,930 [INFO] FinderPluginLoader:95 - Searching for filters in installed packs
2023-07-25 15:04:55,331 [INFO] ServerAccessManage:473 - Download File 
2023-07-25 15:04:55,791 [INFO] LoadUrlFilesThread:185 - End of LoadServerUrlFiles without Thread
2023-07-25 15:04:55,853 [INFO] DetailPanel:341 - Set advertising image to C:/Users/Ayrton Araújo/STM32Cube/Repository/\en.Prom_NBSTM32U50921.jpg
2023-07-25 15:04:59,283 [INFO] ServerAccessManage:473 - Download File cube-finder-db.zip
2023-07-25 15:06:50,323 [INFO] FileExtend:240 - Unzip File : cube-finder-db.zip
2023-07-25 15:06:50,323 [INFO] FileExtend:255 - Standard Zip Deflate
2023-07-25 15:06:51,604 [INFO] LoadUrlFilesThread:156 - End of LoadUrlFiles Thread
2023-07-25 15:06:53,460 [INFO] ServerAccessManage:473 - Download File crdb.zip
2023-07-25 15:06:56,060 [INFO] FileExtend:240 - Unzip File : crdb.zip
2023-07-25 15:06:56,061 [INFO] FileExtend:255 - Standard Zip Deflate
2023-07-25 15:06:56,202 [INFO] LoadUrlFilesThread:156 - End of LoadUrlFiles Thread
2023-07-25 15:06:58,552 [INFO] ServerAccessManage:473 - Download File tutoVideoDB.zip
2023-07-25 15:06:58,737 [INFO] FileExtend:240 - Unzip File : tutoVideoDB.zip
2023-07-25 15:06:58,738 [INFO] FileExtend:255 - Standard Zip Deflate
2023-07-25 15:06:58,861 [INFO] LoadUrlFilesThread:156 - End of LoadUrlFiles Thread
2023-07-25 15:06:58,874 [WARN] DbFile:41 - Overriding database path with different value: C:\Users\Ayrton Araújo\.stmcufinder\plugins\mcufinder/ => C:\Users\Ayrton Araújo\.stmcufinder\plugins\mcufinder
2023-07-25 15:07:00,122 [INFO] ServerAccessManage:473 - Download File api_config.json
2023-07-25 15:07:00,268 [INFO] LoadUrlFilesThread:156 - End of LoadUrlFiles Thread
2023-07-25 15:07:00,269 [INFO] DbMcusAds:53 - JSON generation date=Tue Mar 07 04:50:55 BOT 2023 (1678179055114)
2023-07-25 15:07:00,278 [INFO] ApiDb:448 - Save user favorites file C:\Users\Ayrton Araújo/.stm32cubeide/favorites.mcus.txt: 0 item(s)
2023-07-25 15:07:00,278 [INFO] ApiDb:452 - User favorites MCUs=[]
2023-07-25 15:07:00,288 [INFO] ApiDb:581 - Connected to CubeFinder SQLite database (C:\Users\Ayrton Araújo\.stmcufinder\plugins\mcufinder\mcu\cube-finder-db.db)
2023-07-25 15:07:00,395 [INFO] ApiDb:668 - CubeFinder database Data Model version=2.1
2023-07-25 15:07:00,396 [INFO] ApiDb:669 - CubeFinder database Configuration version=3.0.37
2023-07-25 15:07:00,396 [INFO] ApiDb:670 - CubeFinder database generation date=2023-06-26 (1687786131)
2023-07-25 15:07:00,396 [INFO] ApiDb:671 - CubeFinder database FW Pack versions=[FP-ATR-ASTRA1_V2.0.0, FP-SNS-FLIGHT1_V5.0.1, FP-SNS-MOTENV1_V4.3.1, STM32Cube_FW_C0_V1.1.0, STM32Cube_FW_F4_V1.27.1, STM32Cube_FW_F7_V1.17.0, STM32Cube_FW_G0_V1.6.1, STM32Cube_FW_G4_V1.5.1, STM32Cube_FW_H5_V0.5.1, STM32Cube_FW_H5_V1.1.0, STM32Cube_FW_H7_V1.11.0, STM32Cube_FW_L0_V1.12.2, STM32Cube_FW_L5_V1.5.0, STM32Cube_FW_U5_V1.3.0, STM32Cube_FW_U5_V1.3.0RC4, STM32Cube_FW_WBA_V1.0.0RC1, STM32Cube_FW_WBA_V1.1.0, STM32Cube_FW_WBA_V1.1.0RC1, STM32Cube_FW_WB_V1.15.0RC1, STM32Cube_FW_WB_V1.16.0, STM32Cube_FW_WB_V1.16.0RC2, STM32Cube_FW_WB_V1.17.0, STM32Cube_FW_WL_V1.3.0, X-CUBE-ALGOBUILD_V1.3.0, X-CUBE-ALS_V1.0.1, X-CUBE-AZRTOS-F4_V1.1.0, X-CUBE-AZRTOS-F7_V1.1.0, X-CUBE-AZRTOS-G0_V1.1.0, X-CUBE-AZRTOS-G4_V2.0.0, X-CUBE-AZRTOS-H7_V3.1.0, X-CUBE-AZRTOS-L4_V1.0.0, X-CUBE-AZRTOS-L4_V2.0.0, X-CUBE-AZRTOS-L5_V1.1.0, X-CUBE-AZRTOS-WB_V1.1.0, X-CUBE-AZRTOS-WL_V2.0.0, X-CUBE-BLE1_V6.2.4, X-CUBE-BLE2_V3.3.0, X-CUBE-BLEMGR_V2.0.0, X-CUBE-EEPRMA1_V4.1.0, X-CUBE-FREERTOS_V1.0.1, X-CUBE-GNSS1_V6.0.0, X-CUBE-MEMS1_V9.1.0, X-CUBE-MEMS1_V9.4.0, X-CUBE-MEMS1_V9.6.0, X-CUBE-NFC4_V3.0.0, X-CUBE-NFC7_V1.0.0, X-CUBE-SFXS2LP1_V4.0.0, X-CUBE-SUBG2_V5.0.0]
2023-07-25 15:07:02,873 [INFO] ApiDb:240 - Found 297 in-development CPN: [B-G473E-ZEST1S, B-WB1M-WPAN1, B-WL5M-SUBG1, NUCLEO-C031C6, NUCLEO-H503RB, NUCLEO-H563ZI, NUCLEO-U545RE-Q, NUCLEO-U5A5ZJ-Q, NUCLEO-WBA52CG, STEVAL-PROTEUS1, STEVAL-STWINBX1, STM320518-EVAL, STM32C0116-DK, STM32C011D6Y3TR, STM32C011D6Y6TR, STM32C011F4P3, STM32C011F4P6, STM32C011F4U3, STM32C011F4U6TR, STM32C011F6P3, STM32C011F6P6, STM32C011F6U3, STM32C011F6U6TR, STM32C011J4M3, STM32C011J4M6, STM32C011J6M3, STM32C011J6M6, STM32C0316-DK, STM32C031C4T3, STM32C031C4T6, STM32C031C4U3, STM32C031C4U6, STM32C031C6T3, STM32C031C6T6, STM32C031C6U3, STM32C031C6U6, STM32C031F4P3, STM32C031F4P6, STM32C031F6P3, STM32C031F6P6, STM32C031G4U3, STM32C031G4U6, STM32C031G6U3, STM32C031G6U6, STM32C031K4T3, STM32C031K4T6, STM32C031K4U3, STM32C031K4U6, STM32C031K6T3, STM32C031K6T6, STM32C031K6U3, STM32C031K6U6, STM32G071K8TXN, STM32G071K8UXN, STM32G081GBU6N, STM32G081KBT6N, STM32G081KBUXN, STM32G0B1CCT6N, STM32G0B1KCT6, STM32G0B1NEY6TR, STM32G0B1RCT6N, STM32G0C1CCT6, STM32G0C1CCT6N, STM32G0C1CCU6N, STM32G0C1CET6N, STM32G0C1CEU6N, STM32G0C1KCT6, STM32G0C1NEY6TR, STM32G0C1RCI6N, STM32G0C1RCT6N, STM32G0C1REI6N, STM32G0C1RET6N, STM32G0C1VCI6, STM32G0C1VEI6, STM32G471CCT6, STM32G471CCU6, STM32G471CET3, STM32G471CET6, STM32G471CEU3, STM32G471CEU6, STM32G471MCT6, STM32G471MET3, STM32G471MET6, STM32G471MEY6TR, STM32G471QCT6, STM32G471QET3, STM32G471RCT6, STM32G471RET3, STM32G471RET6, STM32G471VCH6, STM32G471VCI6, STM32G471VCT6, STM32G471VEH3, STM32G471VEH6, STM32G471VEI3, STM32G471VEI6, STM32G471VET3, STM32G471VET6, STM32G474CCT6, STM32H503CBT6, STM32H503CBU6, STM32H503EBY6TR, STM32H503KBU6, STM32H503RBT6, STM32H562AGI6, STM32H562AII6, STM32H562IGK6, STM32H562IGT6, STM32H562IIK6, STM32H562IIT6, STM32H562RGT6, STM32H562RGV6, STM32H562RIT6, STM32H562RIV6, STM32H562VGT6, STM32H562VIT6, STM32H562ZGT6, STM32H562ZIT6, STM32H563AGI6, STM32H563AII3Q, STM32H563AII6, STM32H563IGK6, STM32H563IGT6, STM32H563IIK3Q, STM32H563IIK6, STM32H563IIT3Q, STM32H563IIT6, STM32H563MIY3QTR, STM32H563RGT6, STM32H563RGV6, STM32H563RIT6, STM32H563RIV6, STM32H563VGT6, STM32H563VIT3Q, STM32H563VIT6, STM32H563ZGT6, STM32H563ZIT3Q, STM32H563ZIT6, STM32H573AII3Q, STM32H573AII6, STM32H573I-DK, STM32H573IIK3Q, STM32H573IIK6, STM32H573IIT3Q, STM32H573IIT6, STM32H573MIY3QTR, STM32H573RIT6, STM32H573RIV6, STM32H573VIT3Q, STM32H573VIT6, STM32H573ZIT3Q, STM32H573ZIT6, STM32L4R5QGI6STR, STM32MP131AAE3, STM32MP131AAF3, STM32MP131AAG3, STM32MP131CAE3, STM32MP131CAF3, STM32MP131CAG3, STM32MP131DAE7, STM32MP131DAF7, STM32MP131DAG7, STM32MP131FAE7, STM32MP131FAF7, STM32MP131FAG7, STM32MP133AAE3, STM32MP133AAF3, STM32MP133AAG3, STM32MP133CAE3, STM32MP133CAF3, STM32MP133CAG3, STM32MP133DAE7, STM32MP133DAF7, STM32MP133DAG7, STM32MP133FAE7, STM32MP133FAF7, STM32MP133FAG7, STM32MP135AAE3, STM32MP135AAF3, STM32MP135AAG3, STM32MP135CAE3, STM32MP135CAF3, STM32MP135CAG3, STM32MP135DAE7, STM32MP135DAF7, STM32MP135DAG7, STM32MP135F-DK, STM32MP135FAE7, STM32MP135FAF7, STM32MP135FAF7T, STM32MP135FAF7U, STM32MP135FAG7, STM32U535CBT6, STM32U535CBT6Q, STM32U535CBU6, STM32U535CBU6Q, STM32U535CCT6, STM32U535CCT6Q, STM32U535CCU6, STM32U535CCU6Q, STM32U535CET6, STM32U535CET6Q, STM32U535CEU6, STM32U535CEU6Q, STM32U535JEY6QTR, STM32U535NCY6QTR, STM32U535NEY6QTR, STM32U535RBI6, STM32U535RBI6Q, STM32U535RBT6, STM32U535RBT6Q, STM32U535RCI6, STM32U535RCI6Q, STM32U535RCT6, STM32U535RCT6Q, STM32U535REI6, STM32U535REI6Q, STM32U535RET6, STM32U535RET6Q, STM32U535VCI6, STM32U535VCI6Q, STM32U535VCT6, STM32U535VCT6Q, STM32U535VEI6, STM32U535VEI6Q, STM32U535VET6, STM32U535VET6Q, STM32U545CET6, STM32U545CET6Q, STM32U545CEU6, STM32U545CEU6Q, STM32U545JEY6QTR, STM32U545NEY6QTR, STM32U545REI6, STM32U545REI6Q, STM32U545RET6, STM32U545RET6Q, STM32U545VEI6, STM32U545VEI6Q, STM32U545VET6, STM32U545VET6Q, STM32U595AIH6, STM32U595AIH6Q, STM32U595AJH6, STM32U595AJH6Q, STM32U595QII6, STM32U595QII6Q, STM32U595QJI6, STM32U595QJI6Q, STM32U595RIT6, STM32U595RIT6Q, STM32U595RJT6, STM32U595RJT6Q, STM32U595VIT6, STM32U595VIT6Q, STM32U595VJT6, STM32U595VJT6Q, STM32U595ZIT6, STM32U595ZIT6Q, STM32U595ZIY6QTR, STM32U595ZJT6, STM32U595ZJT6Q, STM32U595ZJY6QTR, STM32U599BJY6QTR, STM32U599NIH6Q, STM32U599NJH6Q, STM32U599VIT6Q, STM32U599VJT6, STM32U599VJT6Q, STM32U599ZIT6Q, STM32U599ZIY6QTR, STM32U599ZJT6Q, STM32U599ZJY6QTR, STM32U5A5AJH6, STM32U5A5AJH6Q, STM32U5A5QJI6, STM32U5A5QJI6Q, STM32U5A5RJT6, STM32U5A5RJT6Q, STM32U5A5VJT6, STM32U5A5VJT6Q, STM32U5A5ZJT6, STM32U5A5ZJT6Q, STM32U5A5ZJY6QTR, STM32U5A9BJY6QTR, STM32U5A9J-DK, STM32U5A9NJH6Q, STM32U5A9VJT6Q, STM32U5A9ZJT6Q, STM32U5A9ZJY6QTR, STM32WB1MMCH6, STM32WBA52CEU6, STM32WBA52CEU6T, STM32WBA52CGU6, STM32WBA52CGU6T, STM32WL5MOCH6, STM32WL5MOCH6TR]
2023-07-25 15:07:02,879 [INFO] DbMcus:216 - Found 3825 MCUs, 3825 are supported
2023-07-25 15:07:02,880 [INFO] ApiDb:423 - Load user favorites file C:\Users\Ayrton Araújo/.stm32cubeide/favorites.mcus.txt: 0 item(s)
2023-07-25 15:07:02,881 [INFO] ApiDb:427 - User favorites MCUs=[]
2023-07-25 15:07:02,881 [INFO] DbMcus:222 - Set 0 / 0 favorites MCUs
2023-07-25 15:07:04,254 [INFO] ApiDb:448 - Save user favorites file C:\Users\Ayrton Araújo/.stm32cubeide/favorites.boards.txt: 0 item(s)
2023-07-25 15:07:04,254 [INFO] ApiDb:452 - User favorites Boards=[]
2023-07-25 15:07:04,264 [INFO] ApiDb:581 - Connected to CubeFinder SQLite database (C:\Users\Ayrton Araújo\.stmcufinder\plugins\mcufinder\mcu\cube-finder-db.db)
2023-07-25 15:07:04,360 [INFO] ApiDb:668 - CubeFinder database Data Model version=2.1
2023-07-25 15:07:04,360 [INFO] ApiDb:669 - CubeFinder database Configuration version=3.0.37
2023-07-25 15:07:04,360 [INFO] ApiDb:670 - CubeFinder database generation date=2023-06-26 (1687786131)
2023-07-25 15:07:04,361 [INFO] ApiDb:671 - CubeFinder database FW Pack versions=[FP-ATR-ASTRA1_V2.0.0, FP-SNS-FLIGHT1_V5.0.1, FP-SNS-MOTENV1_V4.3.1, STM32Cube_FW_C0_V1.1.0, STM32Cube_FW_F4_V1.27.1, STM32Cube_FW_F7_V1.17.0, STM32Cube_FW_G0_V1.6.1, STM32Cube_FW_G4_V1.5.1, STM32Cube_FW_H5_V0.5.1, STM32Cube_FW_H5_V1.1.0, STM32Cube_FW_H7_V1.11.0, STM32Cube_FW_L0_V1.12.2, STM32Cube_FW_L5_V1.5.0, STM32Cube_FW_U5_V1.3.0, STM32Cube_FW_U5_V1.3.0RC4, STM32Cube_FW_WBA_V1.0.0RC1, STM32Cube_FW_WBA_V1.1.0, STM32Cube_FW_WBA_V1.1.0RC1, STM32Cube_FW_WB_V1.15.0RC1, STM32Cube_FW_WB_V1.16.0, STM32Cube_FW_WB_V1.16.0RC2, STM32Cube_FW_WB_V1.17.0, STM32Cube_FW_WL_V1.3.0, X-CUBE-ALGOBUILD_V1.3.0, X-CUBE-ALS_V1.0.1, X-CUBE-AZRTOS-F4_V1.1.0, X-CUBE-AZRTOS-F7_V1.1.0, X-CUBE-AZRTOS-G0_V1.1.0, X-CUBE-AZRTOS-G4_V2.0.0, X-CUBE-AZRTOS-H7_V3.1.0, X-CUBE-AZRTOS-L4_V1.0.0, X-CUBE-AZRTOS-L4_V2.0.0, X-CUBE-AZRTOS-L5_V1.1.0, X-CUBE-AZRTOS-WB_V1.1.0, X-CUBE-AZRTOS-WL_V2.0.0, X-CUBE-BLE1_V6.2.4, X-CUBE-BLE2_V3.3.0, X-CUBE-BLEMGR_V2.0.0, X-CUBE-EEPRMA1_V4.1.0, X-CUBE-FREERTOS_V1.0.1, X-CUBE-GNSS1_V6.0.0, X-CUBE-MEMS1_V9.1.0, X-CUBE-MEMS1_V9.4.0, X-CUBE-MEMS1_V9.6.0, X-CUBE-NFC4_V3.0.0, X-CUBE-NFC7_V1.0.0, X-CUBE-SFXS2LP1_V4.0.0, X-CUBE-SUBG2_V5.0.0]
2023-07-25 15:07:04,435 [INFO] DbBoardsSqlite:226 - include board P-NUCLEO-WB55-NUCLEO as a kit item of type 'Nucleo-64'
2023-07-25 15:07:04,435 [INFO] DbBoardsSqlite:226 - include board P-NUCLEO-WB55-USBDONGLE as a kit item of type 'Nucleo USB Dongle'
2023-07-25 15:07:04,436 [INFO] DbBoardsSqlite:226 - include board STEVAL-IDP005V1 as a kit item of type 'Evaluation Board'
2023-07-25 15:07:04,436 [INFO] DbBoardsSqlite:226 - include board STEVAL-IDP005V2 as a kit item of type 'Evaluation Board'
2023-07-25 15:07:04,517 [INFO] ApiDb:240 - Found 297 in-development CPN: [B-G473E-ZEST1S, B-WB1M-WPAN1, B-WL5M-SUBG1, NUCLEO-C031C6, NUCLEO-H503RB, NUCLEO-H563ZI, NUCLEO-U545RE-Q, NUCLEO-U5A5ZJ-Q, NUCLEO-WBA52CG, STEVAL-PROTEUS1, STEVAL-STWINBX1, STM320518-EVAL, STM32C0116-DK, STM32C011D6Y3TR, STM32C011D6Y6TR, STM32C011F4P3, STM32C011F4P6, STM32C011F4U3, STM32C011F4U6TR, STM32C011F6P3, STM32C011F6P6, STM32C011F6U3, STM32C011F6U6TR, STM32C011J4M3, STM32C011J4M6, STM32C011J6M3, STM32C011J6M6, STM32C0316-DK, STM32C031C4T3, STM32C031C4T6, STM32C031C4U3, STM32C031C4U6, STM32C031C6T3, STM32C031C6T6, STM32C031C6U3, STM32C031C6U6, STM32C031F4P3, STM32C031F4P6, STM32C031F6P3, STM32C031F6P6, STM32C031G4U3, STM32C031G4U6, STM32C031G6U3, STM32C031G6U6, STM32C031K4T3, STM32C031K4T6, STM32C031K4U3, STM32C031K4U6, STM32C031K6T3, STM32C031K6T6, STM32C031K6U3, STM32C031K6U6, STM32G071K8TXN, STM32G071K8UXN, STM32G081GBU6N, STM32G081KBT6N, STM32G081KBUXN, STM32G0B1CCT6N, STM32G0B1KCT6, STM32G0B1NEY6TR, STM32G0B1RCT6N, STM32G0C1CCT6, STM32G0C1CCT6N, STM32G0C1CCU6N, STM32G0C1CET6N, STM32G0C1CEU6N, STM32G0C1KCT6, STM32G0C1NEY6TR, STM32G0C1RCI6N, STM32G0C1RCT6N, STM32G0C1REI6N, STM32G0C1RET6N, STM32G0C1VCI6, STM32G0C1VEI6, STM32G471CCT6, STM32G471CCU6, STM32G471CET3, STM32G471CET6, STM32G471CEU3, STM32G471CEU6, STM32G471MCT6, STM32G471MET3, STM32G471MET6, STM32G471MEY6TR, STM32G471QCT6, STM32G471QET3, STM32G471RCT6, STM32G471RET3, STM32G471RET6, STM32G471VCH6, STM32G471VCI6, STM32G471VCT6, STM32G471VEH3, STM32G471VEH6, STM32G471VEI3, STM32G471VEI6, STM32G471VET3, STM32G471VET6, STM32G474CCT6, STM32H503CBT6, STM32H503CBU6, STM32H503EBY6TR, STM32H503KBU6, STM32H503RBT6, STM32H562AGI6, STM32H562AII6, STM32H562IGK6, STM32H562IGT6, STM32H562IIK6, STM32H562IIT6, STM32H562RGT6, STM32H562RGV6, STM32H562RIT6, STM32H562RIV6, STM32H562VGT6, STM32H562VIT6, STM32H562ZGT6, STM32H562ZIT6, STM32H563AGI6, STM32H563AII3Q, STM32H563AII6, STM32H563IGK6, STM32H563IGT6, STM32H563IIK3Q, STM32H563IIK6, STM32H563IIT3Q, STM32H563IIT6, STM32H563MIY3QTR, STM32H563RGT6, STM32H563RGV6, STM32H563RIT6, STM32H563RIV6, STM32H563VGT6, STM32H563VIT3Q, STM32H563VIT6, STM32H563ZGT6, STM32H563ZIT3Q, STM32H563ZIT6, STM32H573AII3Q, STM32H573AII6, STM32H573I-DK, STM32H573IIK3Q, STM32H573IIK6, STM32H573IIT3Q, STM32H573IIT6, STM32H573MIY3QTR, STM32H573RIT6, STM32H573RIV6, STM32H573VIT3Q, STM32H573VIT6, STM32H573ZIT3Q, STM32H573ZIT6, STM32L4R5QGI6STR, STM32MP131AAE3, STM32MP131AAF3, STM32MP131AAG3, STM32MP131CAE3, STM32MP131CAF3, STM32MP131CAG3, STM32MP131DAE7, STM32MP131DAF7, STM32MP131DAG7, STM32MP131FAE7, STM32MP131FAF7, STM32MP131FAG7, STM32MP133AAE3, STM32MP133AAF3, STM32MP133AAG3, STM32MP133CAE3, STM32MP133CAF3, STM32MP133CAG3, STM32MP133DAE7, STM32MP133DAF7, STM32MP133DAG7, STM32MP133FAE7, STM32MP133FAF7, STM32MP133FAG7, STM32MP135AAE3, STM32MP135AAF3, STM32MP135AAG3, STM32MP135CAE3, STM32MP135CAF3, STM32MP135CAG3, STM32MP135DAE7, STM32MP135DAF7, STM32MP135DAG7, STM32MP135F-DK, STM32MP135FAE7, STM32MP135FAF7, STM32MP135FAF7T, STM32MP135FAF7U, STM32MP135FAG7, STM32U535CBT6, STM32U535CBT6Q, STM32U535CBU6, STM32U535CBU6Q, STM32U535CCT6, STM32U535CCT6Q, STM32U535CCU6, STM32U535CCU6Q, STM32U535CET6, STM32U535CET6Q, STM32U535CEU6, STM32U535CEU6Q, STM32U535JEY6QTR, STM32U535NCY6QTR, STM32U535NEY6QTR, STM32U535RBI6, STM32U535RBI6Q, STM32U535RBT6, STM32U535RBT6Q, STM32U535RCI6, STM32U535RCI6Q, STM32U535RCT6, STM32U535RCT6Q, STM32U535REI6, STM32U535REI6Q, STM32U535RET6, STM32U535RET6Q, STM32U535VCI6, STM32U535VCI6Q, STM32U535VCT6, STM32U535VCT6Q, STM32U535VEI6, STM32U535VEI6Q, STM32U535VET6, STM32U535VET6Q, STM32U545CET6, STM32U545CET6Q, STM32U545CEU6, STM32U545CEU6Q, STM32U545JEY6QTR, STM32U545NEY6QTR, STM32U545REI6, STM32U545REI6Q, STM32U545RET6, STM32U545RET6Q, STM32U545VEI6, STM32U545VEI6Q, STM32U545VET6, STM32U545VET6Q, STM32U595AIH6, STM32U595AIH6Q, STM32U595AJH6, STM32U595AJH6Q, STM32U595QII6, STM32U595QII6Q, STM32U595QJI6, STM32U595QJI6Q, STM32U595RIT6, STM32U595RIT6Q, STM32U595RJT6, STM32U595RJT6Q, STM32U595VIT6, STM32U595VIT6Q, STM32U595VJT6, STM32U595VJT6Q, STM32U595ZIT6, STM32U595ZIT6Q, STM32U595ZIY6QTR, STM32U595ZJT6, STM32U595ZJT6Q, STM32U595ZJY6QTR, STM32U599BJY6QTR, STM32U599NIH6Q, STM32U599NJH6Q, STM32U599VIT6Q, STM32U599VJT6, STM32U599VJT6Q, STM32U599ZIT6Q, STM32U599ZIY6QTR, STM32U599ZJT6Q, STM32U599ZJY6QTR, STM32U5A5AJH6, STM32U5A5AJH6Q, STM32U5A5QJI6, STM32U5A5QJI6Q, STM32U5A5RJT6, STM32U5A5RJT6Q, STM32U5A5VJT6, STM32U5A5VJT6Q, STM32U5A5ZJT6, STM32U5A5ZJT6Q, STM32U5A5ZJY6QTR, STM32U5A9BJY6QTR, STM32U5A9J-DK, STM32U5A9NJH6Q, STM32U5A9VJT6Q, STM32U5A9ZJT6Q, STM32U5A9ZJY6QTR, STM32WB1MMCH6, STM32WBA52CEU6, STM32WBA52CEU6T, STM32WBA52CGU6, STM32WBA52CGU6T, STM32WL5MOCH6, STM32WL5MOCH6TR]
2023-07-25 15:07:04,903 [INFO] BoardInfo:880 - No configuration file found for board P-NUCLEO-WB55
2023-07-25 15:07:04,904 [INFO] DbBoards:157 - Kit is not supported: P-NUCLEO-WB55
2023-07-25 15:07:04,921 [INFO] BoardInfo:880 - No configuration file found for board STEVAL-BFA001V1B
2023-07-25 15:07:04,921 [INFO] DbBoards:157 - Kit is not supported: STEVAL-BFA001V1B
2023-07-25 15:07:04,925 [INFO] BoardInfo:880 - No configuration file found for board STEVAL-BFA001V2B
2023-07-25 15:07:04,926 [INFO] DbBoards:157 - Kit is not supported: STEVAL-BFA001V2B
2023-07-25 15:07:05,987 [INFO] BoardInfo:880 - No configuration file found for board STEVAL-SMARTAG2
2023-07-25 15:07:05,989 [INFO] DbBoards:157 - Board is not supported: STEVAL-SMARTAG2
2023-07-25 15:07:06,392 [INFO] DbBoards:161 - Found 188 boards, 184 are supported
2023-07-25 15:07:06,395 [INFO] ApiDb:423 - Load user favorites file C:\Users\Ayrton Araújo/.stm32cubeide/favorites.boards.txt: 0 item(s)
2023-07-25 15:07:06,395 [INFO] ApiDb:427 - User favorites Boards=[]
2023-07-25 15:07:06,395 [INFO] DbBoards:190 - Set 0 / 0 favorites Boards
2023-07-25 15:07:09,324 [INFO] ServerAccessManage:473 - Download File 
2023-07-25 15:07:09,347 [INFO] LoadUrlFilesThread:185 - End of LoadServerUrlFiles without Thread
2023-07-25 15:07:09,347 [INFO] TargetSelectorAdapter:259 - Refresh data is successful
2023-07-25 15:07:09,351 [INFO] ApiDb:668 - CubeFinder database Data Model version=2.1
2023-07-25 15:07:09,351 [INFO] ApiDb:669 - CubeFinder database Configuration version=3.0.37
2023-07-25 15:07:09,351 [INFO] ApiDb:670 - CubeFinder database generation date=2023-06-26 (1687786131)
2023-07-25 15:07:09,352 [INFO] ApiDb:671 - CubeFinder database FW Pack versions=[FP-ATR-ASTRA1_V2.0.0, FP-SNS-FLIGHT1_V5.0.1, FP-SNS-MOTENV1_V4.3.1, STM32Cube_FW_C0_V1.1.0, STM32Cube_FW_F4_V1.27.1, STM32Cube_FW_F7_V1.17.0, STM32Cube_FW_G0_V1.6.1, STM32Cube_FW_G4_V1.5.1, STM32Cube_FW_H5_V0.5.1, STM32Cube_FW_H5_V1.1.0, STM32Cube_FW_H7_V1.11.0, STM32Cube_FW_L0_V1.12.2, STM32Cube_FW_L5_V1.5.0, STM32Cube_FW_U5_V1.3.0, STM32Cube_FW_U5_V1.3.0RC4, STM32Cube_FW_WBA_V1.0.0RC1, STM32Cube_FW_WBA_V1.1.0, STM32Cube_FW_WBA_V1.1.0RC1, STM32Cube_FW_WB_V1.15.0RC1, STM32Cube_FW_WB_V1.16.0, STM32Cube_FW_WB_V1.16.0RC2, STM32Cube_FW_WB_V1.17.0, STM32Cube_FW_WL_V1.3.0, X-CUBE-ALGOBUILD_V1.3.0, X-CUBE-ALS_V1.0.1, X-CUBE-AZRTOS-F4_V1.1.0, X-CUBE-AZRTOS-F7_V1.1.0, X-CUBE-AZRTOS-G0_V1.1.0, X-CUBE-AZRTOS-G4_V2.0.0, X-CUBE-AZRTOS-H7_V3.1.0, X-CUBE-AZRTOS-L4_V1.0.0, X-CUBE-AZRTOS-L4_V2.0.0, X-CUBE-AZRTOS-L5_V1.1.0, X-CUBE-AZRTOS-WB_V1.1.0, X-CUBE-AZRTOS-WL_V2.0.0, X-CUBE-BLE1_V6.2.4, X-CUBE-BLE2_V3.3.0, X-CUBE-BLEMGR_V2.0.0, X-CUBE-EEPRMA1_V4.1.0, X-CUBE-FREERTOS_V1.0.1, X-CUBE-GNSS1_V6.0.0, X-CUBE-MEMS1_V9.1.0, X-CUBE-MEMS1_V9.4.0, X-CUBE-MEMS1_V9.6.0, X-CUBE-NFC4_V3.0.0, X-CUBE-NFC7_V1.0.0, X-CUBE-SFXS2LP1_V4.0.0, X-CUBE-SUBG2_V5.0.0]
2023-07-25 15:07:10,465 [INFO] DbExamplesSqlite:376 - Ignored 27 examples not supported by CubeIDE
2023-07-25 15:07:10,465 [INFO] DbExamplesSqlite:377 - Found 7164 examples active
2023-07-25 15:07:10,465 [INFO] DbExamplesSqlite:378 - Found 677 examples obsolete
2023-07-25 15:07:10,466 [INFO] DbExamplesSqlite:379 - Found 0 examples under development
2023-07-25 15:07:10,466 [INFO] DbExamplesSqlite:380 - Found 74 examples not building
2023-07-25 15:07:10,468 [INFO] DbExamples:125 - Found 7211 examples
2023-07-25 15:07:10,499 [ERROR] DbExamples:208 - Found 22 examples with invalid data (board or MCU)
2023-07-25 15:07:10,500 [INFO] DbExamples:222 - Found 91 boards with related examples
2023-07-25 15:07:10,501 [INFO] DbExamples:235 - Found 77 MCUs with related examples
2023-07-25 15:07:10,527 [INFO] ApiDb:414 - User favorites file not found: C:\Users\Ayrton Araújo/.stm32cubeide/favorites.examples.txt
2023-07-25 15:07:10,527 [INFO] DbExamples:250 - Set 0 / 0 favorites Examples
2023-07-25 15:07:14,257 [INFO] McuFinderGlobals:66 - Set McuFinderConnectedMode to true
2023-07-25 15:07:14,259 [INFO] MultiScanPanel:200 - Auto-refresh data requested => check proxy status ongoing
2023-07-25 15:07:14,262 [INFO] FinderPluginLoader:95 - Searching for filters in installed packs
2023-07-25 15:07:14,328 [INFO] MainUpdater:2854 - connection check result : 10
2023-07-25 15:07:15,052 [INFO] LoadUrlFilesThread:185 - End of LoadServerUrlFiles without Thread
2023-07-25 15:07:15,057 [INFO] DetailPanel:341 - Set advertising image to C:/Users/Ayrton Araújo/STM32Cube/Repository/\en.prom-stm32h5-mcu-finder.jpg
2023-07-25 15:07:15,500 [INFO] McuFinderGlobals:66 - Set McuFinderConnectedMode to true
2023-07-25 15:07:15,501 [INFO] MultiScanPanel:200 - Auto-refresh data requested => check proxy status ongoing
2023-07-25 15:07:15,501 [INFO] FinderPluginLoader:95 - Searching for filters in installed packs
2023-07-25 15:07:16,224 [INFO] LoadUrlFilesThread:185 - End of LoadServerUrlFiles without Thread
2023-07-25 15:07:16,224 [INFO] DetailPanel:341 - Set advertising image to C:/Users/Ayrton Araújo/STM32Cube/Repository/\en.prom-stm32h5-mcu-finder.jpg
2023-07-25 15:07:19,231 [INFO] MultiScanPanel:200 - Auto-refresh data requested => check proxy status ongoing
2023-07-25 15:07:19,352 [INFO] LoadUrlFilesThread:185 - End of LoadServerUrlFiles without Thread
2023-07-25 15:07:19,352 [INFO] DetailPanel:341 - Set advertising image to C:/Users/Ayrton Araújo/STM32Cube/Repository/\en.prom-stm32h5-mcu-finder.jpg
2023-07-25 15:09:50,924 [INFO] McuFinderGlobals:66 - Set McuFinderConnectedMode to true
2023-07-25 15:09:50,928 [INFO] ApiDb:448 - Save user favorites file C:\Users\Ayrton Araújo/.stm32cubeide/favorites.mcus.txt: 0 item(s)
2023-07-25 15:09:50,929 [INFO] ApiDb:452 - User favorites MCUs=[]
2023-07-25 15:09:50,930 [INFO] ApiDb:448 - Save user favorites file C:\Users\Ayrton Araújo/.stm32cubeide/favorites.boards.txt: 0 item(s)
2023-07-25 15:09:50,930 [INFO] ApiDb:452 - User favorites Boards=[]
2023-07-25 15:11:24,376 [INFO] Activator:176 - 


2023-07-25 15:11:24,378 [INFO] Activator:177 - !SESSION log4j initialized
2023-07-25 15:11:27,427 [INFO] LogOutputStream:77 - [STDOUT_REDIRECT] 
2023-07-25 15:11:40,223 [INFO] ApplicationProperties:184 - Using Application install path: C:\ST\STM32CubeIDE_1.12.1\STM32CubeIDE\plugins\com.st.stm32cube.common.mx_6.8.1.202304191431
2023-07-25 15:11:40,240 [INFO] DbMcusXml:78 - Set database path to: C:\ST\STM32CubeIDE_1.12.1\STM32CubeIDE\plugins\com.st.stm32cube.common.mx_6.8.1.202304191431\\db\/mcu/
2023-07-25 15:11:40,241 [INFO] ApiDb:274 - Set plugin database path to: C:\ST\STM32CubeIDE_1.12.1\STM32CubeIDE\plugins\com.st.stm32cube.common.mx_6.8.1.202304191431\\db\/plugins/boardmanager/
2023-07-25 15:11:40,242 [WARN] ApiDb:259 - Overriding images path with different value:  => C:\ST\STM32CubeIDE_1.12.1\STM32CubeIDE\plugins\com.st.stm32cube.common.mx_6.8.1.202304191431\\db\/plugins/mcufinder/images/
2023-07-25 15:11:40,257 [INFO] ApiDb:250 - Set database path to: C:\Users\Ayrton Araújo\.stmcufinder\plugins\mcufinder//mcu/
2023-07-25 15:11:40,259 [INFO] DbMcusAds:125 - Set database path to: C:\Users\Ayrton Araújo\.stmcufinder\plugins\mcufinder//mcu/
2023-07-25 15:11:40,283 [INFO] CrossReferenceDbSqlite:203 - Set database path to: C:\Users\Ayrton Araújo\.stmcufinder\plugins\mcufinder//mcu/cs/
2023-07-25 15:11:40,366 [INFO] RulesReader:64 - Compatibility file has been processed (293 Rules)
2023-07-25 15:11:40,440 [INFO] DbMcusXml:78 - Set database path to: C:\ST\STM32CubeIDE_1.12.1\STM32CubeIDE\plugins\com.st.stm32cube.common.mx_6.8.1.202304191431\\db\/mcu/
2023-07-25 15:11:40,440 [INFO] ApiDb:274 - Set plugin database path to: C:\ST\STM32CubeIDE_1.12.1\STM32CubeIDE\plugins\com.st.stm32cube.common.mx_6.8.1.202304191431\\db\/plugins/boardmanager/
2023-07-25 15:11:40,441 [INFO] ApiDb:261 - Set plugin images path to: C:\ST\STM32CubeIDE_1.12.1\STM32CubeIDE\plugins\com.st.stm32cube.common.mx_6.8.1.202304191431\\db\/plugins/mcufinder/images/
2023-07-25 15:11:40,441 [WARN] DbFile:41 - Overriding database path with different value: C:\Users\Ayrton Araújo\.stmcufinder\plugins\mcufinder/ => C:\Users\Ayrton Araújo\.stmcufinder\plugins\mcufinder
2023-07-25 15:11:40,441 [INFO] ApiDb:250 - Set database path to: C:\Users\Ayrton Araújo\.stmcufinder\plugins\mcufinder//mcu/
2023-07-25 15:11:40,441 [WARN] DbFile:41 - Overriding database path with different value: C:\Users\Ayrton Araújo\.stmcufinder\plugins\mcufinder/ => C:\Users\Ayrton Araújo\.stmcufinder\plugins\mcufinder
2023-07-25 15:11:40,441 [INFO] DbMcusAds:125 - Set database path to: C:\Users\Ayrton Araújo\.stmcufinder\plugins\mcufinder//mcu/
2023-07-25 15:11:40,441 [WARN] DbFile:41 - Overriding database path with different value: C:\Users\Ayrton Araújo\.stmcufinder\plugins\mcufinder/ => C:\Users\Ayrton Araújo\.stmcufinder\plugins\mcufinder
2023-07-25 15:11:40,441 [WARN] DbFile:41 - Overriding database path with different value: C:\Users\Ayrton Araújo\.stmcufinder\plugins\mcufinder/ => C:\Users\Ayrton Araújo\.stmcufinder\plugins\mcufinder
2023-07-25 15:11:40,441 [INFO] CrossReferenceDbSqlite:203 - Set database path to: C:\Users\Ayrton Araújo\.stmcufinder\plugins\mcufinder//mcu/cs/
2023-07-25 15:11:40,508 [INFO] MainPanel:253 - HeapMemory: 268435456
2023-07-25 15:11:40,588 [INFO] DbMcusXml:78 - Set database path to: C:\ST\STM32CubeIDE_1.12.1\STM32CubeIDE\plugins\com.st.stm32cube.common.mx_6.8.1.202304191431\\db\/mcu/
2023-07-25 15:11:40,588 [INFO] ApiDb:274 - Set plugin database path to: C:\ST\STM32CubeIDE_1.12.1\STM32CubeIDE\plugins\com.st.stm32cube.common.mx_6.8.1.202304191431\\db\/plugins/boardmanager/
2023-07-25 15:11:40,588 [INFO] ApiDb:261 - Set plugin images path to: C:\ST\STM32CubeIDE_1.12.1\STM32CubeIDE\plugins\com.st.stm32cube.common.mx_6.8.1.202304191431\\db\/plugins/mcufinder/images/
2023-07-25 15:11:40,589 [WARN] DbFile:41 - Overriding database path with different value: C:\Users\Ayrton Araújo\.stmcufinder\plugins\mcufinder/ => C:\Users\Ayrton Araújo\.stmcufinder\plugins\mcufinder
2023-07-25 15:11:40,589 [INFO] ApiDb:250 - Set database path to: C:\Users\Ayrton Araújo\.stmcufinder\plugins\mcufinder//mcu/
2023-07-25 15:11:40,589 [WARN] DbFile:41 - Overriding database path with different value: C:\Users\Ayrton Araújo\.stmcufinder\plugins\mcufinder/ => C:\Users\Ayrton Araújo\.stmcufinder\plugins\mcufinder
2023-07-25 15:11:40,589 [INFO] DbMcusAds:125 - Set database path to: C:\Users\Ayrton Araújo\.stmcufinder\plugins\mcufinder//mcu/
2023-07-25 15:11:40,589 [WARN] DbFile:41 - Overriding database path with different value: C:\Users\Ayrton Araújo\.stmcufinder\plugins\mcufinder/ => C:\Users\Ayrton Araújo\.stmcufinder\plugins\mcufinder
2023-07-25 15:11:40,589 [WARN] DbFile:41 - Overriding database path with different value: C:\Users\Ayrton Araújo\.stmcufinder\plugins\mcufinder/ => C:\Users\Ayrton Araújo\.stmcufinder\plugins\mcufinder
2023-07-25 15:11:40,589 [INFO] CrossReferenceDbSqlite:203 - Set database path to: C:\Users\Ayrton Araújo\.stmcufinder\plugins\mcufinder//mcu/cs/
2023-07-25 15:11:40,606 [INFO] ApplicationProperties:184 - Using Application install path: C:\ST\STM32CubeIDE_1.12.1\STM32CubeIDE\plugins\com.st.stm32cube.common.mx_6.8.1.202304191431
2023-07-25 15:11:40,607 [INFO] PluginManage:196 - Search for loadable plugins [exclusion list=, ]
2023-07-25 15:11:40,608 [INFO] PluginManage:310 - Check plugin analytics
2023-07-25 15:11:40,758 [INFO] AnalyticsPlugin:253 - Accepted Software Licenses: 
2023-07-25 15:11:40,758 [INFO] AnalyticsPlugin:255 - Accepted CMSIS Pack Licenses: 
2023-07-25 15:11:40,758 [INFO] AnalyticsPlugin:257 - Accepted Firmware Licenses: 
2023-07-25 15:11:40,763 [INFO] PluginManage:359 - Loaded plugin analytics (category:tool,tabindex:-1)
2023-07-25 15:11:40,764 [INFO] PluginManage:310 - Check plugin cadmodel
2023-07-25 15:11:40,769 [INFO] CADModel:105 - Init CAD model plugin
2023-07-25 15:11:40,769 [INFO] PluginManage:359 - Loaded plugin cadmodel (category:power,tabindex:5)
2023-07-25 15:11:40,769 [INFO] PluginManage:310 - Check plugin clock
2023-07-25 15:11:40,779 [INFO] PluginManage:359 - Loaded plugin clock (category:base,tabindex:2)
2023-07-25 15:11:40,779 [INFO] PluginManage:310 - Check plugin ddr
2023-07-25 15:11:40,782 [INFO] PluginManage:359 - Loaded plugin ddr (category:tool,tabindex:6)
2023-07-25 15:11:40,782 [INFO] PluginManage:310 - Check plugin filemanager
2023-07-25 15:11:40,897 [INFO] PluginManage:359 - Loaded plugin filemanager (category:base,tabindex:10)
2023-07-25 15:11:40,897 [INFO] PluginManage:310 - Check plugin ipmanager
2023-07-25 15:11:40,904 [INFO] PluginManage:359 - Loaded plugin ipmanager (category:base,tabindex:5)
2023-07-25 15:11:40,904 [INFO] PluginManage:310 - Check plugin lpbam
2023-07-25 15:11:40,911 [INFO] PluginManage:359 - Loaded plugin lpbam (category:base,tabindex:0)
2023-07-25 15:11:40,911 [INFO] PluginManage:310 - Check plugin pinoutandconfiguration
2023-07-25 15:11:40,916 [INFO] PluginManage:359 - Loaded plugin pinoutandconfiguration (category:base,tabindex:1)
2023-07-25 15:11:40,917 [INFO] PluginManage:310 - Check plugin pinoutconfig
2023-07-25 15:11:40,982 [WARN] SupportedApi:132 - Cannot load RTOS API schema: s4s-elt-must-match.1: The content of 'definitions' must match (annotation?, (simpleType | complexType)?, (unique | key | keyref)*)). A problem was found starting at: attribute.
2023-07-25 15:11:41,092 [INFO] PluginManage:359 - Loaded plugin pinoutconfig (category:base,tabindex:0)
2023-07-25 15:11:41,092 [INFO] PluginManage:310 - Check plugin power
2023-07-25 15:11:41,105 [INFO] PluginManage:359 - Loaded plugin power (category:power,tabindex:4)
2023-07-25 15:11:41,105 [INFO] PluginManage:310 - Check plugin projectmanager
2023-07-25 15:11:41,119 [INFO] PluginManage:359 - Loaded plugin projectmanager (category:projectmanager,tabindex:3)
2023-07-25 15:11:41,119 [INFO] PluginManage:310 - Check plugin thirdparty
2023-07-25 15:11:41,216 [WARN] IntegrityCheckThread:84 - waiting for thirdparty lock release [integrity check]
2023-07-25 15:11:41,218 [INFO] PluginManage:359 - Loaded plugin thirdparty (category:base,tabindex:-1)
2023-07-25 15:11:41,218 [INFO] IntegrityCheckThread:86 - entering critical section [integrity check]
2023-07-25 15:11:41,218 [INFO] PluginManage:310 - Check plugin tools
2023-07-25 15:11:41,220 [INFO] ThirdPartyUpdaterWithRetryManager:70 - Updater plugin not ready yet. [1/15]
2023-07-25 15:11:41,222 [INFO] PluginManage:359 - Loaded plugin tools (category:base,tabindex:7)
2023-07-25 15:11:41,222 [INFO] PluginManage:310 - Check plugin tutovideos
2023-07-25 15:11:41,383 [INFO] PluginManage:359 - Loaded plugin tutovideos (category:base,tabindex:-1)
2023-07-25 15:11:41,383 [INFO] PluginManage:310 - Check plugin updater
2023-07-25 15:11:41,399 [INFO] PluginManage:359 - Loaded plugin updater (category:base,tabindex:12)
2023-07-25 15:11:41,400 [INFO] PluginManage:283 - PluginManage : Loaded plugins [15]
2023-07-25 15:11:41,611 [INFO] PinOutPanel:1499 - setPackage(No Configuration,No Configuration)
2023-07-25 15:11:41,700 [INFO] CADModel:165 - CPN selected for project level
2023-07-25 15:11:41,700 [INFO] CADModel:114 - Register for checkConnection events
2023-07-25 15:11:41,715 [INFO] IPUIPlugin:80 - create IPUIPlugin
2023-07-25 15:11:41,715 [INFO] PluginManager:220 - loadIPPluginJar : add adc
2023-07-25 15:11:41,717 [INFO] IPUIPlugin:80 - create IPUIPlugin
2023-07-25 15:11:41,717 [INFO] PluginManager:220 - loadIPPluginJar : add aes
2023-07-25 15:11:41,720 [INFO] IPUIPlugin:80 - create IPUIPlugin
2023-07-25 15:11:41,720 [INFO] PluginManager:220 - loadIPPluginJar : add can
2023-07-25 15:11:41,721 [INFO] IPUIPlugin:80 - create IPUIPlugin
2023-07-25 15:11:41,721 [INFO] PluginManager:220 - loadIPPluginJar : add comp
2023-07-25 15:11:41,723 [INFO] IPUIPlugin:80 - create IPUIPlugin
2023-07-25 15:11:41,723 [INFO] PluginManager:220 - loadIPPluginJar : add cryp
2023-07-25 15:11:41,725 [INFO] IPUIPlugin:80 - create IPUIPlugin
2023-07-25 15:11:41,725 [INFO] PluginManager:220 - loadIPPluginJar : add dfsdm
2023-07-25 15:11:41,730 [INFO] IPUIPlugin:80 - create IPUIPlugin
2023-07-25 15:11:41,730 [INFO] PluginManager:220 - loadIPPluginJar : add dma
2023-07-25 15:11:41,732 [INFO] IPUIPlugin:80 - create IPUIPlugin
2023-07-25 15:11:41,732 [INFO] PluginManager:220 - loadIPPluginJar : add dma3
2023-07-25 15:11:41,734 [INFO] IPUIPlugin:80 - create IPUIPlugin
2023-07-25 15:11:41,734 [INFO] PluginManager:220 - loadIPPluginJar : add fatfs
2023-07-25 15:11:41,737 [INFO] IPUIPlugin:80 - create IPUIPlugin
2023-07-25 15:11:41,737 [INFO] PluginManager:220 - loadIPPluginJar : add fmc
2023-07-25 15:11:41,741 [INFO] IPUIPlugin:80 - create IPUIPlugin
2023-07-25 15:11:41,741 [INFO] PluginManager:220 - loadIPPluginJar : add freertos
2023-07-25 15:11:41,742 [INFO] IPUIPlugin:80 - create IPUIPlugin
2023-07-25 15:11:41,743 [INFO] PluginManager:220 - loadIPPluginJar : add genericplugin
2023-07-25 15:11:41,745 [INFO] IPUIPlugin:80 - create IPUIPlugin
2023-07-25 15:11:41,745 [INFO] PluginManager:220 - loadIPPluginJar : add gfxmmu
2023-07-25 15:11:41,749 [INFO] IPUIPlugin:80 - create IPUIPlugin
2023-07-25 15:11:41,749 [INFO] PluginManager:220 - loadIPPluginJar : add gic
2023-07-25 15:11:41,752 [INFO] IPUIPlugin:80 - create IPUIPlugin
2023-07-25 15:11:41,752 [INFO] PluginManager:220 - loadIPPluginJar : add gpio
2023-07-25 15:11:41,754 [INFO] IPUIPlugin:80 - create IPUIPlugin
2023-07-25 15:11:41,754 [INFO] PluginManager:220 - loadIPPluginJar : add gtzc
2023-07-25 15:11:41,756 [INFO] IPUIPlugin:80 - create IPUIPlugin
2023-07-25 15:11:41,756 [INFO] PluginManager:220 - loadIPPluginJar : add hash
2023-07-25 15:11:41,758 [INFO] IPUIPlugin:80 - create IPUIPlugin
2023-07-25 15:11:41,758 [INFO] PluginManager:220 - loadIPPluginJar : add i2c
2023-07-25 15:11:41,760 [INFO] IPUIPlugin:80 - create IPUIPlugin
2023-07-25 15:11:41,760 [INFO] PluginManager:220 - loadIPPluginJar : add i2s
2023-07-25 15:11:41,762 [INFO] IPUIPlugin:80 - create IPUIPlugin
2023-07-25 15:11:41,762 [INFO] PluginManager:220 - loadIPPluginJar : add i3c
2023-07-25 15:11:41,765 [INFO] IPUIPlugin:80 - create IPUIPlugin
2023-07-25 15:11:41,765 [INFO] PluginManager:220 - loadIPPluginJar : add ipddr
2023-07-25 15:11:41,771 [INFO] IPUIPlugin:80 - create IPUIPlugin
2023-07-25 15:11:41,771 [INFO] PluginManager:220 - loadIPPluginJar : add linkedlist
2023-07-25 15:11:41,773 [INFO] IPUIPlugin:80 - create IPUIPlugin
2023-07-25 15:11:41,773 [INFO] PluginManager:220 - loadIPPluginJar : add lorawan
2023-07-25 15:11:41,774 [INFO] IPUIPlugin:80 - create IPUIPlugin
2023-07-25 15:11:41,774 [INFO] PluginManager:220 - loadIPPluginJar : add ltdc
2023-07-25 15:11:41,780 [INFO] IPUIPlugin:80 - create IPUIPlugin
2023-07-25 15:11:41,780 [INFO] PluginManager:220 - loadIPPluginJar : add mdma
2023-07-25 15:11:41,782 [INFO] IPUIPlugin:80 - create IPUIPlugin
2023-07-25 15:11:41,783 [INFO] PluginManager:220 - loadIPPluginJar : add nvic
2023-07-25 15:11:41,785 [INFO] IPUIPlugin:80 - create IPUIPlugin
2023-07-25 15:11:41,785 [INFO] PluginManager:220 - loadIPPluginJar : add opamp
2023-07-25 15:11:41,787 [INFO] IPUIPlugin:80 - create IPUIPlugin
2023-07-25 15:11:41,788 [INFO] PluginManager:220 - loadIPPluginJar : add openamp
2023-07-25 15:11:41,790 [INFO] IPUIPlugin:80 - create IPUIPlugin
2023-07-25 15:11:41,791 [INFO] PluginManager:220 - loadIPPluginJar : add pdm2pcm
2023-07-25 15:11:41,796 [INFO] IPUIPlugin:80 - create IPUIPlugin
2023-07-25 15:11:41,799 [INFO] PluginManager:220 - loadIPPluginJar : add plateformsettings
2023-07-25 15:11:41,800 [INFO] IPUIPlugin:80 - create IPUIPlugin
2023-07-25 15:11:41,800 [INFO] PluginManager:220 - loadIPPluginJar : add quadspi
2023-07-25 15:11:41,804 [INFO] IPUIPlugin:80 - create IPUIPlugin
2023-07-25 15:11:41,804 [INFO] PluginManager:220 - loadIPPluginJar : add resmgrutility
2023-07-25 15:11:41,807 [INFO] IPUIPlugin:80 - create IPUIPlugin
2023-07-25 15:11:41,807 [INFO] PluginManager:220 - loadIPPluginJar : add sai
2023-07-25 15:11:41,809 [INFO] IPUIPlugin:80 - create IPUIPlugin
2023-07-25 15:11:41,809 [INFO] PluginManager:220 - loadIPPluginJar : add spi
2023-07-25 15:11:41,813 [INFO] IPUIPlugin:80 - create IPUIPlugin
2023-07-25 15:11:41,813 [INFO] PluginManager:220 - loadIPPluginJar : add stm32_wpan
2023-07-25 15:11:41,815 [INFO] IPUIPlugin:80 - create IPUIPlugin
2023-07-25 15:11:41,815 [INFO] PluginManager:220 - loadIPPluginJar : add tim
2023-07-25 15:11:41,818 [INFO] IPUIPlugin:80 - create IPUIPlugin
2023-07-25 15:11:41,818 [INFO] PluginManager:220 - loadIPPluginJar : add touchsensing
2023-07-25 15:11:41,820 [INFO] IPUIPlugin:80 - create IPUIPlugin
2023-07-25 15:11:41,820 [INFO] PluginManager:220 - loadIPPluginJar : add tracer_emb
2023-07-25 15:11:41,822 [INFO] IPUIPlugin:80 - create IPUIPlugin
2023-07-25 15:11:41,822 [INFO] PluginManager:220 - loadIPPluginJar : add ts
2023-07-25 15:11:41,823 [INFO] IPUIPlugin:80 - create IPUIPlugin
2023-07-25 15:11:41,823 [INFO] PluginManager:220 - loadIPPluginJar : add tsc
2023-07-25 15:11:41,825 [INFO] IPUIPlugin:80 - create IPUIPlugin
2023-07-25 15:11:41,825 [INFO] PluginManager:220 - loadIPPluginJar : add ucpd
2023-07-25 15:11:41,827 [INFO] IPUIPlugin:80 - create IPUIPlugin
2023-07-25 15:11:41,827 [INFO] PluginManager:220 - loadIPPluginJar : add usart
2023-07-25 15:11:41,829 [INFO] IPUIPlugin:80 - create IPUIPlugin
2023-07-25 15:11:41,829 [INFO] PluginManager:220 - loadIPPluginJar : add usbx
2023-07-25 15:11:41,947 [INFO] CADModel:165 - CPN selected for project level
2023-07-25 15:11:41,947 [INFO] CADModel:114 - Register for checkConnection events
2023-07-25 15:11:41,947 [FATAL] Updater:308 - Updater called before beeing initialized
2023-07-25 15:11:41,947 [ERROR] CADModel:125 - Updater not yet initialized, retry later 
2023-07-25 15:11:42,074 [INFO] CADModel:165 - CPN selected for project level
2023-07-25 15:11:42,079 [INFO] CADModel:114 - Register for checkConnection events
2023-07-25 15:11:42,079 [FATAL] Updater:308 - Updater called before beeing initialized
2023-07-25 15:11:42,079 [ERROR] CADModel:125 - Updater not yet initialized, retry later 
2023-07-25 15:11:42,082 [FATAL] Updater:308 - Updater called before beeing initialized
2023-07-25 15:11:42,165 [FATAL] Updater:308 - Updater called before beeing initialized
2023-07-25 15:11:42,170 [INFO] DbMcusAds:53 - JSON generation date=Tue Mar 07 04:50:55 BOT 2023 (1678179055114)
2023-07-25 15:11:42,170 [FATAL] Updater:308 - Updater called before beeing initialized
2023-07-25 15:11:42,210 [WARN] DetailPanel:346 - Failed to get advertising image, set to default
2023-07-25 15:11:42,302 [FATAL] Updater:308 - Updater called before beeing initialized
2023-07-25 15:11:42,305 [FATAL] Updater:308 - Updater called before beeing initialized
2023-07-25 15:11:42,305 [FATAL] Updater:308 - Updater called before beeing initialized
2023-07-25 15:11:42,305 [WARN] DetailPanel:346 - Failed to get advertising image, set to default
2023-07-25 15:11:42,305 [FATAL] Updater:308 - Updater called before beeing initialized
2023-07-25 15:11:42,344 [ERROR] Updater:1120 - MainUpdater not yet initialized. External WinMGr cannot be set.
2023-07-25 15:11:42,346 [INFO] Updater:1056 - Updater Version found : 6.8.1
2023-07-25 15:11:42,361 [INFO] ApplicationProperties:184 - Using Application install path: C:\ST\STM32CubeIDE_1.12.1\STM32CubeIDE\plugins\com.st.stm32cube.common.mx_6.8.1.202304191431
2023-07-25 15:11:42,988 [INFO] MainUpdater:2854 - connection check result : 10
2023-07-25 15:11:42,989 [INFO] MainUpdater:283 - Updater Check For Update Now.
2023-07-25 15:11:42,989 [INFO] MicroXplorer:498 - Change Database Version : DB.6.0.81
2023-07-25 15:11:43,140 [INFO] CheckServerUpdateThread:120 - End of CheckServer Thread
2023-07-25 15:11:43,215 [INFO] MainUpdater:2854 - connection check result : 10
2023-07-25 15:11:43,683 [INFO] ApiDb:581 - Connected to CubeFinder SQLite database (C:\Users\Ayrton Araújo\.stmcufinder\plugins\mcufinder\mcu\cube-finder-db.db)
2023-07-25 15:11:43,763 [INFO] ApiDb:668 - CubeFinder database Data Model version=2.1
2023-07-25 15:11:43,763 [INFO] ApiDb:669 - CubeFinder database Configuration version=3.0.37
2023-07-25 15:11:43,763 [INFO] ApiDb:670 - CubeFinder database generation date=2023-06-26 (1687786131)
2023-07-25 15:11:43,764 [INFO] ApiDb:671 - CubeFinder database FW Pack versions=[FP-ATR-ASTRA1_V2.0.0, FP-SNS-FLIGHT1_V5.0.1, FP-SNS-MOTENV1_V4.3.1, STM32Cube_FW_C0_V1.1.0, STM32Cube_FW_F4_V1.27.1, STM32Cube_FW_F7_V1.17.0, STM32Cube_FW_G0_V1.6.1, STM32Cube_FW_G4_V1.5.1, STM32Cube_FW_H5_V0.5.1, STM32Cube_FW_H5_V1.1.0, STM32Cube_FW_H7_V1.11.0, STM32Cube_FW_L0_V1.12.2, STM32Cube_FW_L5_V1.5.0, STM32Cube_FW_U5_V1.3.0, STM32Cube_FW_U5_V1.3.0RC4, STM32Cube_FW_WBA_V1.0.0RC1, STM32Cube_FW_WBA_V1.1.0, STM32Cube_FW_WBA_V1.1.0RC1, STM32Cube_FW_WB_V1.15.0RC1, STM32Cube_FW_WB_V1.16.0, STM32Cube_FW_WB_V1.16.0RC2, STM32Cube_FW_WB_V1.17.0, STM32Cube_FW_WL_V1.3.0, X-CUBE-ALGOBUILD_V1.3.0, X-CUBE-ALS_V1.0.1, X-CUBE-AZRTOS-F4_V1.1.0, X-CUBE-AZRTOS-F7_V1.1.0, X-CUBE-AZRTOS-G0_V1.1.0, X-CUBE-AZRTOS-G4_V2.0.0, X-CUBE-AZRTOS-H7_V3.1.0, X-CUBE-AZRTOS-L4_V1.0.0, X-CUBE-AZRTOS-L4_V2.0.0, X-CUBE-AZRTOS-L5_V1.1.0, X-CUBE-AZRTOS-WB_V1.1.0, X-CUBE-AZRTOS-WL_V2.0.0, X-CUBE-BLE1_V6.2.4, X-CUBE-BLE2_V3.3.0, X-CUBE-BLEMGR_V2.0.0, X-CUBE-EEPRMA1_V4.1.0, X-CUBE-FREERTOS_V1.0.1, X-CUBE-GNSS1_V6.0.0, X-CUBE-MEMS1_V9.1.0, X-CUBE-MEMS1_V9.4.0, X-CUBE-MEMS1_V9.6.0, X-CUBE-NFC4_V3.0.0, X-CUBE-NFC7_V1.0.0, X-CUBE-SFXS2LP1_V4.0.0, X-CUBE-SUBG2_V5.0.0]
2023-07-25 15:11:43,862 [INFO] DbBoardsSqlite:226 - include board P-NUCLEO-WB55-NUCLEO as a kit item of type 'Nucleo-64'
2023-07-25 15:11:43,863 [INFO] DbBoardsSqlite:226 - include board P-NUCLEO-WB55-USBDONGLE as a kit item of type 'Nucleo USB Dongle'
2023-07-25 15:11:43,863 [INFO] DbBoardsSqlite:226 - include board STEVAL-IDP005V1 as a kit item of type 'Evaluation Board'
2023-07-25 15:11:43,864 [INFO] DbBoardsSqlite:226 - include board STEVAL-IDP005V2 as a kit item of type 'Evaluation Board'
2023-07-25 15:11:44,127 [INFO] ApiDb:240 - Found 297 in-development CPN: [B-G473E-ZEST1S, B-WB1M-WPAN1, B-WL5M-SUBG1, NUCLEO-C031C6, NUCLEO-H503RB, NUCLEO-H563ZI, NUCLEO-U545RE-Q, NUCLEO-U5A5ZJ-Q, NUCLEO-WBA52CG, STEVAL-PROTEUS1, STEVAL-STWINBX1, STM320518-EVAL, STM32C0116-DK, STM32C011D6Y3TR, STM32C011D6Y6TR, STM32C011F4P3, STM32C011F4P6, STM32C011F4U3, STM32C011F4U6TR, STM32C011F6P3, STM32C011F6P6, STM32C011F6U3, STM32C011F6U6TR, STM32C011J4M3, STM32C011J4M6, STM32C011J6M3, STM32C011J6M6, STM32C0316-DK, STM32C031C4T3, STM32C031C4T6, STM32C031C4U3, STM32C031C4U6, STM32C031C6T3, STM32C031C6T6, STM32C031C6U3, STM32C031C6U6, STM32C031F4P3, STM32C031F4P6, STM32C031F6P3, STM32C031F6P6, STM32C031G4U3, STM32C031G4U6, STM32C031G6U3, STM32C031G6U6, STM32C031K4T3, STM32C031K4T6, STM32C031K4U3, STM32C031K4U6, STM32C031K6T3, STM32C031K6T6, STM32C031K6U3, STM32C031K6U6, STM32G071K8TXN, STM32G071K8UXN, STM32G081GBU6N, STM32G081KBT6N, STM32G081KBUXN, STM32G0B1CCT6N, STM32G0B1KCT6, STM32G0B1NEY6TR, STM32G0B1RCT6N, STM32G0C1CCT6, STM32G0C1CCT6N, STM32G0C1CCU6N, STM32G0C1CET6N, STM32G0C1CEU6N, STM32G0C1KCT6, STM32G0C1NEY6TR, STM32G0C1RCI6N, STM32G0C1RCT6N, STM32G0C1REI6N, STM32G0C1RET6N, STM32G0C1VCI6, STM32G0C1VEI6, STM32G471CCT6, STM32G471CCU6, STM32G471CET3, STM32G471CET6, STM32G471CEU3, STM32G471CEU6, STM32G471MCT6, STM32G471MET3, STM32G471MET6, STM32G471MEY6TR, STM32G471QCT6, STM32G471QET3, STM32G471RCT6, STM32G471RET3, STM32G471RET6, STM32G471VCH6, STM32G471VCI6, STM32G471VCT6, STM32G471VEH3, STM32G471VEH6, STM32G471VEI3, STM32G471VEI6, STM32G471VET3, STM32G471VET6, STM32G474CCT6, STM32H503CBT6, STM32H503CBU6, STM32H503EBY6TR, STM32H503KBU6, STM32H503RBT6, STM32H562AGI6, STM32H562AII6, STM32H562IGK6, STM32H562IGT6, STM32H562IIK6, STM32H562IIT6, STM32H562RGT6, STM32H562RGV6, STM32H562RIT6, STM32H562RIV6, STM32H562VGT6, STM32H562VIT6, STM32H562ZGT6, STM32H562ZIT6, STM32H563AGI6, STM32H563AII3Q, STM32H563AII6, STM32H563IGK6, STM32H563IGT6, STM32H563IIK3Q, STM32H563IIK6, STM32H563IIT3Q, STM32H563IIT6, STM32H563MIY3QTR, STM32H563RGT6, STM32H563RGV6, STM32H563RIT6, STM32H563RIV6, STM32H563VGT6, STM32H563VIT3Q, STM32H563VIT6, STM32H563ZGT6, STM32H563ZIT3Q, STM32H563ZIT6, STM32H573AII3Q, STM32H573AII6, STM32H573I-DK, STM32H573IIK3Q, STM32H573IIK6, STM32H573IIT3Q, STM32H573IIT6, STM32H573MIY3QTR, STM32H573RIT6, STM32H573RIV6, STM32H573VIT3Q, STM32H573VIT6, STM32H573ZIT3Q, STM32H573ZIT6, STM32L4R5QGI6STR, STM32MP131AAE3, STM32MP131AAF3, STM32MP131AAG3, STM32MP131CAE3, STM32MP131CAF3, STM32MP131CAG3, STM32MP131DAE7, STM32MP131DAF7, STM32MP131DAG7, STM32MP131FAE7, STM32MP131FAF7, STM32MP131FAG7, STM32MP133AAE3, STM32MP133AAF3, STM32MP133AAG3, STM32MP133CAE3, STM32MP133CAF3, STM32MP133CAG3, STM32MP133DAE7, STM32MP133DAF7, STM32MP133DAG7, STM32MP133FAE7, STM32MP133FAF7, STM32MP133FAG7, STM32MP135AAE3, STM32MP135AAF3, STM32MP135AAG3, STM32MP135CAE3, STM32MP135CAF3, STM32MP135CAG3, STM32MP135DAE7, STM32MP135DAF7, STM32MP135DAG7, STM32MP135F-DK, STM32MP135FAE7, STM32MP135FAF7, STM32MP135FAF7T, STM32MP135FAF7U, STM32MP135FAG7, STM32U535CBT6, STM32U535CBT6Q, STM32U535CBU6, STM32U535CBU6Q, STM32U535CCT6, STM32U535CCT6Q, STM32U535CCU6, STM32U535CCU6Q, STM32U535CET6, STM32U535CET6Q, STM32U535CEU6, STM32U535CEU6Q, STM32U535JEY6QTR, STM32U535NCY6QTR, STM32U535NEY6QTR, STM32U535RBI6, STM32U535RBI6Q, STM32U535RBT6, STM32U535RBT6Q, STM32U535RCI6, STM32U535RCI6Q, STM32U535RCT6, STM32U535RCT6Q, STM32U535REI6, STM32U535REI6Q, STM32U535RET6, STM32U535RET6Q, STM32U535VCI6, STM32U535VCI6Q, STM32U535VCT6, STM32U535VCT6Q, STM32U535VEI6, STM32U535VEI6Q, STM32U535VET6, STM32U535VET6Q, STM32U545CET6, STM32U545CET6Q, STM32U545CEU6, STM32U545CEU6Q, STM32U545JEY6QTR, STM32U545NEY6QTR, STM32U545REI6, STM32U545REI6Q, STM32U545RET6, STM32U545RET6Q, STM32U545VEI6, STM32U545VEI6Q, STM32U545VET6, STM32U545VET6Q, STM32U595AIH6, STM32U595AIH6Q, STM32U595AJH6, STM32U595AJH6Q, STM32U595QII6, STM32U595QII6Q, STM32U595QJI6, STM32U595QJI6Q, STM32U595RIT6, STM32U595RIT6Q, STM32U595RJT6, STM32U595RJT6Q, STM32U595VIT6, STM32U595VIT6Q, STM32U595VJT6, STM32U595VJT6Q, STM32U595ZIT6, STM32U595ZIT6Q, STM32U595ZIY6QTR, STM32U595ZJT6, STM32U595ZJT6Q, STM32U595ZJY6QTR, STM32U599BJY6QTR, STM32U599NIH6Q, STM32U599NJH6Q, STM32U599VIT6Q, STM32U599VJT6, STM32U599VJT6Q, STM32U599ZIT6Q, STM32U599ZIY6QTR, STM32U599ZJT6Q, STM32U599ZJY6QTR, STM32U5A5AJH6, STM32U5A5AJH6Q, STM32U5A5QJI6, STM32U5A5QJI6Q, STM32U5A5RJT6, STM32U5A5RJT6Q, STM32U5A5VJT6, STM32U5A5VJT6Q, STM32U5A5ZJT6, STM32U5A5ZJT6Q, STM32U5A5ZJY6QTR, STM32U5A9BJY6QTR, STM32U5A9J-DK, STM32U5A9NJH6Q, STM32U5A9VJT6Q, STM32U5A9ZJT6Q, STM32U5A9ZJY6QTR, STM32WB1MMCH6, STM32WBA52CEU6, STM32WBA52CEU6T, STM32WBA52CGU6, STM32WBA52CGU6T, STM32WL5MOCH6, STM32WL5MOCH6TR]
2023-07-25 15:11:44,131 [INFO] ApiDb:668 - CubeFinder database Data Model version=2.1
2023-07-25 15:11:44,131 [INFO] ApiDb:669 - CubeFinder database Configuration version=3.0.37
2023-07-25 15:11:44,131 [INFO] ApiDb:670 - CubeFinder database generation date=2023-06-26 (1687786131)
2023-07-25 15:11:44,131 [INFO] ApiDb:671 - CubeFinder database FW Pack versions=[FP-ATR-ASTRA1_V2.0.0, FP-SNS-FLIGHT1_V5.0.1, FP-SNS-MOTENV1_V4.3.1, STM32Cube_FW_C0_V1.1.0, STM32Cube_FW_F4_V1.27.1, STM32Cube_FW_F7_V1.17.0, STM32Cube_FW_G0_V1.6.1, STM32Cube_FW_G4_V1.5.1, STM32Cube_FW_H5_V0.5.1, STM32Cube_FW_H5_V1.1.0, STM32Cube_FW_H7_V1.11.0, STM32Cube_FW_L0_V1.12.2, STM32Cube_FW_L5_V1.5.0, STM32Cube_FW_U5_V1.3.0, STM32Cube_FW_U5_V1.3.0RC4, STM32Cube_FW_WBA_V1.0.0RC1, STM32Cube_FW_WBA_V1.1.0, STM32Cube_FW_WBA_V1.1.0RC1, STM32Cube_FW_WB_V1.15.0RC1, STM32Cube_FW_WB_V1.16.0, STM32Cube_FW_WB_V1.16.0RC2, STM32Cube_FW_WB_V1.17.0, STM32Cube_FW_WL_V1.3.0, X-CUBE-ALGOBUILD_V1.3.0, X-CUBE-ALS_V1.0.1, X-CUBE-AZRTOS-F4_V1.1.0, X-CUBE-AZRTOS-F7_V1.1.0, X-CUBE-AZRTOS-G0_V1.1.0, X-CUBE-AZRTOS-G4_V2.0.0, X-CUBE-AZRTOS-H7_V3.1.0, X-CUBE-AZRTOS-L4_V1.0.0, X-CUBE-AZRTOS-L4_V2.0.0, X-CUBE-AZRTOS-L5_V1.1.0, X-CUBE-AZRTOS-WB_V1.1.0, X-CUBE-AZRTOS-WL_V2.0.0, X-CUBE-BLE1_V6.2.4, X-CUBE-BLE2_V3.3.0, X-CUBE-BLEMGR_V2.0.0, X-CUBE-EEPRMA1_V4.1.0, X-CUBE-FREERTOS_V1.0.1, X-CUBE-GNSS1_V6.0.0, X-CUBE-MEMS1_V9.1.0, X-CUBE-MEMS1_V9.4.0, X-CUBE-MEMS1_V9.6.0, X-CUBE-NFC4_V3.0.0, X-CUBE-NFC7_V1.0.0, X-CUBE-SFXS2LP1_V4.0.0, X-CUBE-SUBG2_V5.0.0]
2023-07-25 15:11:44,502 [WARN] PackLoader:240 - Cannot read IP mode file for STMicroelectronics.X-CUBE-SMBUS.2.1.0
2023-07-25 15:11:44,523 [WARN] PackLoader:240 - Cannot read IP mode file for STMicroelectronics.X-CUBE-AZRTOS-F7.1.1.0
2023-07-25 15:11:44,532 [WARN] PackLoader:240 - Cannot read IP mode file for STMicroelectronics.FP-SNS-MOTENV1.4.3.2
2023-07-25 15:11:44,544 [WARN] PackLoader:240 - Cannot read IP mode file for STMicroelectronics.X-CUBE-BLE1.6.2.4
2023-07-25 15:11:44,551 [WARN] PackLoader:240 - Cannot read IP mode file for STMicroelectronics.FP-SNS-FLIGHT1.5.0.2
2023-07-25 15:11:44,558 [WARN] PackLoader:240 - Cannot read IP mode file for STMicroelectronics.X-CUBE-DISPLAY.3.0.0
2023-07-25 15:11:44,566 [WARN] PackLoader:240 - Cannot read IP mode file for emotas.I-CUBE-CANOPEN.1.3.0
2023-07-25 15:11:44,571 [WARN] PackLoader:240 - Cannot read IP mode file for STMicroelectronics.X-CUBE-TOUCHGFX.4.22.0
2023-07-25 15:11:44,580 [INFO] LogOutputStream:77 - [STDOUT_REDIRECT] 1 : Invalid condition id : UX_CORESTACK_Condition cause : null
2023-07-25 15:11:44,581 [INFO] LogOutputStream:77 - [STDOUT_REDIRECT] 1 : Invalid condition id : UX_CORESTACK_Condition cause : null
2023-07-25 15:11:44,582 [INFO] LogOutputStream:77 - [STDOUT_REDIRECT] 1 : Invalid condition id : UX_CORESTACK_Condition cause : null
2023-07-25 15:11:44,583 [INFO] LogOutputStream:77 - [STDOUT_REDIRECT] 1 : Invalid condition id : UX_CORESTACK_Condition cause : null
2023-07-25 15:11:44,584 [INFO] LogOutputStream:77 - [STDOUT_REDIRECT] 1 : Invalid condition id : UX_CORESTACK_Condition cause : null
2023-07-25 15:11:44,587 [WARN] PackLoader:240 - Cannot read IP mode file for STMicroelectronics.X-CUBE-AZRTOS-WL.2.0.0
2023-07-25 15:11:44,596 [WARN] PackLoader:240 - Cannot read IP mode file for WES.I-CUBE-Cesium.1.3.0
2023-07-25 15:11:44,615 [WARN] PackLoader:240 - Cannot read IP mode file for STMicroelectronics.X-CUBE-BLE2.3.3.0
2023-07-25 15:11:44,622 [WARN] PackLoader:240 - Cannot read IP mode file for STMicroelectronics.X-CUBE-ALGOBUILD.1.3.0
2023-07-25 15:11:44,633 [WARN] PackLoader:240 - Cannot read IP mode file for STMicroelectronics.X-CUBE-AZRTOS-G0.1.1.0
2023-07-25 15:11:44,640 [WARN] PackLoader:240 - Cannot read IP mode file for STMicroelectronics.X-CUBE-NFC4.3.0.0
2023-07-25 15:11:44,645 [WARN] PackLoader:240 - Cannot read IP mode file for STMicroelectronics.FP-ATR-SIGFOX1.3.2.0
2023-07-25 15:11:44,667 [WARN] PackLoader:240 - Cannot read IP mode file for SEGGER.I-CUBE-embOS.1.3.1
2023-07-25 15:11:44,704 [WARN] PackLoader:240 - Cannot read IP mode file for STMicroelectronics.X-CUBE-GNSS1.6.0.0
2023-07-25 15:11:44,715 [WARN] PackLoader:240 - Cannot read IP mode file for STMicroelectronics.X-CUBE-AZRTOS-F4.1.1.0
2023-07-25 15:11:44,721 [WARN] PackLoader:240 - Cannot read IP mode file for wolfSSL.I-CUBE-wolfSSL.5.6.3
2023-07-25 15:11:44,750 [WARN] PackLoader:240 - Cannot read IP mode file for STMicroelectronics.X-CUBE-MEMS1.9.6.0
2023-07-25 15:11:44,868 [WARN] PackLoader:240 - Cannot read IP mode file for STMicroelectronics.X-CUBE-BLEMGR.2.0.0
2023-07-25 15:11:44,881 [WARN] ConditionMgr:438 - getConditionDescription Invalid condition id : UX DEVICE CLASS RTOS Condition cause : null
2023-07-25 15:11:44,881 [WARN] ConditionMgr:438 - getConditionDescription Invalid condition id : UX DEVICE CLASS RTOS Condition cause : null
2023-07-25 15:11:44,884 [WARN] PackLoader:240 - Cannot read IP mode file for STMicroelectronics.X-CUBE-AZRTOS-H7.3.1.0
2023-07-25 15:11:44,885 [WARN] ConditionMgr:1039 - genDependencies : Invalid condition id : UX DEVICE CLASS RTOS Condition cause : null
2023-07-25 15:11:44,885 [WARN] ConditionMgr:1039 - genDependencies : Invalid condition id : UX DEVICE CLASS RTOS Condition cause : null
2023-07-25 15:11:44,885 [WARN] ConditionMgr:1039 - genDependencies : Invalid condition id : UX DEVICE CLASS RTOS Condition cause : null
2023-07-25 15:11:44,886 [WARN] ConditionMgr:1039 - genDependencies : Invalid condition id : UX DEVICE CLASS RTOS Condition cause : null
2023-07-25 15:11:44,886 [WARN] ConditionMgr:1039 - genDependencies : Invalid condition id : UX DEVICE CLASS RTOS Condition cause : null
2023-07-25 15:11:44,891 [WARN] PackLoader:240 - Cannot read IP mode file for STMicroelectronics.X-CUBE-NFC7.1.0.1
2023-07-25 15:11:44,896 [WARN] PackLoader:240 - Cannot read IP mode file for STMicroelectronics.X-CUBE-EEPRMA1.4.1.0
2023-07-25 15:11:44,911 [WARN] ConditionMgr:438 - getConditionDescription Invalid condition id : LAN8742 Phy interface Condition cause : null
2023-07-25 15:11:44,911 [WARN] PackLoader:240 - Cannot read IP mode file for STMicroelectronics.X-CUBE-AZRTOS-L4.2.0.0
2023-07-25 15:11:44,912 [WARN] ConditionMgr:1039 - genDependencies : Invalid condition id : LAN8742 Phy interface Condition cause : null
2023-07-25 15:11:44,913 [WARN] ConditionMgr:1039 - genDependencies : Invalid condition id : LAN8742 Phy interface Condition cause : null
2023-07-25 15:11:44,913 [WARN] ConditionMgr:1039 - genDependencies : Invalid condition id : LAN8742 Phy interface Condition cause : null
2023-07-25 15:11:44,919 [WARN] PackLoader:240 - Cannot read IP mode file for STMicroelectronics.X-CUBE-SFXS2LP1.4.0.0
2023-07-25 15:11:44,925 [WARN] PackLoader:240 - Cannot read IP mode file for STMicroelectronics.X-CUBE-ISPU.1.1.0
2023-07-25 15:11:44,929 [WARN] PackLoader:240 - Cannot read IP mode file for STMicroelectronics.X-CUBE-FREERTOS.1.0.1
2023-07-25 15:11:44,942 [WARN] PackLoader:240 - Cannot read IP mode file for STMicroelectronics.X-CUBE-AZRTOS-L5.1.1.0
2023-07-25 15:11:44,948 [WARN] PackLoader:240 - Cannot read IP mode file for STMicroelectronics.X-CUBE-AI.8.0.1
2023-07-25 15:11:44,955 [WARN] PackLoader:240 - Cannot read IP mode file for STMicroelectronics.X-CUBE-SUBG2.5.0.0
2023-07-25 15:11:44,970 [WARN] PackLoader:240 - Cannot read IP mode file for STMicroelectronics.X-CUBE-TOF1.3.3.1
2023-07-25 15:11:44,988 [WARN] PackLoader:240 - Cannot read IP mode file for STMicroelectronics.X-CUBE-AZRTOS-G4.2.0.0
2023-07-25 15:11:44,996 [WARN] PackLoader:240 - Cannot read IP mode file for portGmbH.I-Cube-SoM-uGOAL.1.1.0
2023-07-25 15:11:45,001 [WARN] PackLoader:240 - Cannot read IP mode file for STMicroelectronics.X-CUBE-ALS.1.0.1
2023-07-25 15:11:45,012 [WARN] PackLoader:240 - Cannot read IP mode file for STMicroelectronics.X-CUBE-AZRTOS-WB.1.1.0
2023-07-25 15:11:45,017 [WARN] PackLoader:240 - Cannot read IP mode file for STMicroelectronics.FP-ATR-ASTRA1.2.0.0
2023-07-25 15:11:45,019 [INFO] ThirdParty:978 - Integrity check success = true
2023-07-25 15:11:45,019 [INFO] IntegrityCheckThread:100 - exiting critical section [integrity check]
2023-07-25 15:11:45,019 [INFO] IntegrityCheckThread:103 - End integrity checks thread
2023-07-25 15:11:45,874 [INFO] ApiDb:240 - Found 297 in-development CPN: [B-G473E-ZEST1S, B-WB1M-WPAN1, B-WL5M-SUBG1, NUCLEO-C031C6, NUCLEO-H503RB, NUCLEO-H563ZI, NUCLEO-U545RE-Q, NUCLEO-U5A5ZJ-Q, NUCLEO-WBA52CG, STEVAL-PROTEUS1, STEVAL-STWINBX1, STM320518-EVAL, STM32C0116-DK, STM32C011D6Y3TR, STM32C011D6Y6TR, STM32C011F4P3, STM32C011F4P6, STM32C011F4U3, STM32C011F4U6TR, STM32C011F6P3, STM32C011F6P6, STM32C011F6U3, STM32C011F6U6TR, STM32C011J4M3, STM32C011J4M6, STM32C011J6M3, STM32C011J6M6, STM32C0316-DK, STM32C031C4T3, STM32C031C4T6, STM32C031C4U3, STM32C031C4U6, STM32C031C6T3, STM32C031C6T6, STM32C031C6U3, STM32C031C6U6, STM32C031F4P3, STM32C031F4P6, STM32C031F6P3, STM32C031F6P6, STM32C031G4U3, STM32C031G4U6, STM32C031G6U3, STM32C031G6U6, STM32C031K4T3, STM32C031K4T6, STM32C031K4U3, STM32C031K4U6, STM32C031K6T3, STM32C031K6T6, STM32C031K6U3, STM32C031K6U6, STM32G071K8TXN, STM32G071K8UXN, STM32G081GBU6N, STM32G081KBT6N, STM32G081KBUXN, STM32G0B1CCT6N, STM32G0B1KCT6, STM32G0B1NEY6TR, STM32G0B1RCT6N, STM32G0C1CCT6, STM32G0C1CCT6N, STM32G0C1CCU6N, STM32G0C1CET6N, STM32G0C1CEU6N, STM32G0C1KCT6, STM32G0C1NEY6TR, STM32G0C1RCI6N, STM32G0C1RCT6N, STM32G0C1REI6N, STM32G0C1RET6N, STM32G0C1VCI6, STM32G0C1VEI6, STM32G471CCT6, STM32G471CCU6, STM32G471CET3, STM32G471CET6, STM32G471CEU3, STM32G471CEU6, STM32G471MCT6, STM32G471MET3, STM32G471MET6, STM32G471MEY6TR, STM32G471QCT6, STM32G471QET3, STM32G471RCT6, STM32G471RET3, STM32G471RET6, STM32G471VCH6, STM32G471VCI6, STM32G471VCT6, STM32G471VEH3, STM32G471VEH6, STM32G471VEI3, STM32G471VEI6, STM32G471VET3, STM32G471VET6, STM32G474CCT6, STM32H503CBT6, STM32H503CBU6, STM32H503EBY6TR, STM32H503KBU6, STM32H503RBT6, STM32H562AGI6, STM32H562AII6, STM32H562IGK6, STM32H562IGT6, STM32H562IIK6, STM32H562IIT6, STM32H562RGT6, STM32H562RGV6, STM32H562RIT6, STM32H562RIV6, STM32H562VGT6, STM32H562VIT6, STM32H562ZGT6, STM32H562ZIT6, STM32H563AGI6, STM32H563AII3Q, STM32H563AII6, STM32H563IGK6, STM32H563IGT6, STM32H563IIK3Q, STM32H563IIK6, STM32H563IIT3Q, STM32H563IIT6, STM32H563MIY3QTR, STM32H563RGT6, STM32H563RGV6, STM32H563RIT6, STM32H563RIV6, STM32H563VGT6, STM32H563VIT3Q, STM32H563VIT6, STM32H563ZGT6, STM32H563ZIT3Q, STM32H563ZIT6, STM32H573AII3Q, STM32H573AII6, STM32H573I-DK, STM32H573IIK3Q, STM32H573IIK6, STM32H573IIT3Q, STM32H573IIT6, STM32H573MIY3QTR, STM32H573RIT6, STM32H573RIV6, STM32H573VIT3Q, STM32H573VIT6, STM32H573ZIT3Q, STM32H573ZIT6, STM32L4R5QGI6STR, STM32MP131AAE3, STM32MP131AAF3, STM32MP131AAG3, STM32MP131CAE3, STM32MP131CAF3, STM32MP131CAG3, STM32MP131DAE7, STM32MP131DAF7, STM32MP131DAG7, STM32MP131FAE7, STM32MP131FAF7, STM32MP131FAG7, STM32MP133AAE3, STM32MP133AAF3, STM32MP133AAG3, STM32MP133CAE3, STM32MP133CAF3, STM32MP133CAG3, STM32MP133DAE7, STM32MP133DAF7, STM32MP133DAG7, STM32MP133FAE7, STM32MP133FAF7, STM32MP133FAG7, STM32MP135AAE3, STM32MP135AAF3, STM32MP135AAG3, STM32MP135CAE3, STM32MP135CAF3, STM32MP135CAG3, STM32MP135DAE7, STM32MP135DAF7, STM32MP135DAG7, STM32MP135F-DK, STM32MP135FAE7, STM32MP135FAF7, STM32MP135FAF7T, STM32MP135FAF7U, STM32MP135FAG7, STM32U535CBT6, STM32U535CBT6Q, STM32U535CBU6, STM32U535CBU6Q, STM32U535CCT6, STM32U535CCT6Q, STM32U535CCU6, STM32U535CCU6Q, STM32U535CET6, STM32U535CET6Q, STM32U535CEU6, STM32U535CEU6Q, STM32U535JEY6QTR, STM32U535NCY6QTR, STM32U535NEY6QTR, STM32U535RBI6, STM32U535RBI6Q, STM32U535RBT6, STM32U535RBT6Q, STM32U535RCI6, STM32U535RCI6Q, STM32U535RCT6, STM32U535RCT6Q, STM32U535REI6, STM32U535REI6Q, STM32U535RET6, STM32U535RET6Q, STM32U535VCI6, STM32U535VCI6Q, STM32U535VCT6, STM32U535VCT6Q, STM32U535VEI6, STM32U535VEI6Q, STM32U535VET6, STM32U535VET6Q, STM32U545CET6, STM32U545CET6Q, STM32U545CEU6, STM32U545CEU6Q, STM32U545JEY6QTR, STM32U545NEY6QTR, STM32U545REI6, STM32U545REI6Q, STM32U545RET6, STM32U545RET6Q, STM32U545VEI6, STM32U545VEI6Q, STM32U545VET6, STM32U545VET6Q, STM32U595AIH6, STM32U595AIH6Q, STM32U595AJH6, STM32U595AJH6Q, STM32U595QII6, STM32U595QII6Q, STM32U595QJI6, STM32U595QJI6Q, STM32U595RIT6, STM32U595RIT6Q, STM32U595RJT6, STM32U595RJT6Q, STM32U595VIT6, STM32U595VIT6Q, STM32U595VJT6, STM32U595VJT6Q, STM32U595ZIT6, STM32U595ZIT6Q, STM32U595ZIY6QTR, STM32U595ZJT6, STM32U595ZJT6Q, STM32U595ZJY6QTR, STM32U599BJY6QTR, STM32U599NIH6Q, STM32U599NJH6Q, STM32U599VIT6Q, STM32U599VJT6, STM32U599VJT6Q, STM32U599ZIT6Q, STM32U599ZIY6QTR, STM32U599ZJT6Q, STM32U599ZJY6QTR, STM32U5A5AJH6, STM32U5A5AJH6Q, STM32U5A5QJI6, STM32U5A5QJI6Q, STM32U5A5RJT6, STM32U5A5RJT6Q, STM32U5A5VJT6, STM32U5A5VJT6Q, STM32U5A5ZJT6, STM32U5A5ZJT6Q, STM32U5A5ZJY6QTR, STM32U5A9BJY6QTR, STM32U5A9J-DK, STM32U5A9NJH6Q, STM32U5A9VJT6Q, STM32U5A9ZJT6Q, STM32U5A9ZJY6QTR, STM32WB1MMCH6, STM32WBA52CEU6, STM32WBA52CEU6T, STM32WBA52CGU6, STM32WBA52CGU6T, STM32WL5MOCH6, STM32WL5MOCH6TR]
2023-07-25 15:11:45,878 [INFO] DbMcus:216 - Found 3825 MCUs, 3825 are supported
2023-07-25 15:11:45,880 [INFO] ApiDb:423 - Load user favorites file C:\Users\Ayrton Araújo/.stm32cubeide/favorites.mcus.txt: 0 item(s)
2023-07-25 15:11:45,880 [INFO] ApiDb:427 - User favorites MCUs=[]
2023-07-25 15:11:45,880 [INFO] DbMcus:222 - Set 0 / 0 favorites MCUs
2023-07-25 15:11:46,219 [INFO] BoardInfo:880 - No configuration file found for board P-NUCLEO-WB55
2023-07-25 15:11:46,219 [INFO] DbBoards:157 - Kit is not supported: P-NUCLEO-WB55
2023-07-25 15:11:46,226 [INFO] BoardInfo:880 - No configuration file found for board STEVAL-BFA001V1B
2023-07-25 15:11:46,227 [INFO] DbBoards:157 - Kit is not supported: STEVAL-BFA001V1B
2023-07-25 15:11:46,228 [INFO] BoardInfo:880 - No configuration file found for board STEVAL-BFA001V2B
2023-07-25 15:11:46,228 [INFO] DbBoards:157 - Kit is not supported: STEVAL-BFA001V2B
2023-07-25 15:11:46,237 [INFO] BoardInfo:880 - No configuration file found for board STEVAL-SMARTAG2
2023-07-25 15:11:46,237 [INFO] DbBoards:157 - Board is not supported: STEVAL-SMARTAG2
2023-07-25 15:11:46,399 [INFO] DbBoards:161 - Found 188 boards, 184 are supported
2023-07-25 15:11:46,402 [INFO] ApiDb:423 - Load user favorites file C:\Users\Ayrton Araújo/.stm32cubeide/favorites.boards.txt: 0 item(s)
2023-07-25 15:11:46,402 [INFO] ApiDb:427 - User favorites Boards=[]
2023-07-25 15:11:46,402 [INFO] DbBoards:190 - Set 0 / 0 favorites Boards
2023-07-25 15:11:46,402 [INFO] McuFinderGlobals:66 - Set McuFinderConnectedMode to true
2023-07-25 15:11:46,414 [INFO] MultiScanPanel:200 - Auto-refresh data requested => check proxy status ongoing
2023-07-25 15:11:46,417 [INFO] FinderPluginLoader:95 - Searching for filters in installed packs
2023-07-25 15:11:47,414 [INFO] LoadUrlFilesThread:185 - End of LoadServerUrlFiles without Thread
2023-07-25 15:11:47,440 [INFO] DetailPanel:341 - Set advertising image to C:/Users/Ayrton Araújo/STM32Cube/Repository/\en.prom-stm32h5-mcu-finder.jpg
2023-07-25 15:11:48,923 [ERROR] LogOutputStream:75 - [STDERR_REDIRECT] SLF4J: Failed to load class "org.slf4j.impl.StaticLoggerBinder".
2023-07-25 15:11:48,923 [ERROR] LogOutputStream:75 - [STDERR_REDIRECT] SLF4J: Defaulting to no-operation (NOP) logger implementation
2023-07-25 15:11:48,924 [ERROR] LogOutputStream:75 - [STDERR_REDIRECT] SLF4J: See http://www.slf4j.org/codes.html#StaticLoggerBinder for further details.
2023-07-25 15:12:07,559 [INFO] MultiScanPanel:200 - Auto-refresh data requested => check proxy status ongoing
2023-07-25 15:12:07,678 [INFO] LoadUrlFilesThread:185 - End of LoadServerUrlFiles without Thread
2023-07-25 15:12:07,678 [INFO] DetailPanel:341 - Set advertising image to C:/Users/Ayrton Araújo/STM32Cube/Repository/\en.prom-stm32h5-mcu-finder.jpg
2023-07-25 15:12:26,574 [INFO] McuFinderGlobals:66 - Set McuFinderConnectedMode to true
2023-07-25 15:12:26,576 [INFO] ApiDb:448 - Save user favorites file C:\Users\Ayrton Araújo/.stm32cubeide/favorites.mcus.txt: 0 item(s)
2023-07-25 15:12:26,576 [INFO] ApiDb:452 - User favorites MCUs=[]
2023-07-25 15:12:26,577 [INFO] ApiDb:448 - Save user favorites file C:\Users\Ayrton Araújo/.stm32cubeide/favorites.boards.txt: 0 item(s)
2023-07-25 15:12:26,577 [INFO] ApiDb:452 - User favorites Boards=[]
